,area,centro de trabalho,acabamento,semana,capacidade
0,CCS,CCSPRESG,Qualquer,29,1530.0
1,CCS,CCSPRESG,Qualquer,30,1530.0
2,CCS,CCSPRESG,Qualquer,31,1530.0
3,CCS,CCSPRESG,Qualquer,32,0.0
4,CCS,CCSPRESG,Qualquer,33,0.0
5,CCS,CCSPRESG,Qualquer,34,0.0
6,CCS,CCSPRESG,Qualquer,35,1530.0
7,CCS,CCSPRESG,Qualquer,36,1530.0
8,CCS,CCSPRESG,Qualquer,37,1530.0
9,CCS,CCSPRESG,Qualquer,38,1530.0
10,CCS,CCSPRESG,Qualquer,39,1530.0
11,CCS,CCSPRESG,Qualquer,40,918.0
12,CCS,CCSPRESG,Qualquer,41,1530.0
13,CCS,CCSPRESG,Qualquer,42,1530.0
14,CCS,CCSPRESG,Qualquer,43,1530.0
15,CCS,CCSPRESG,Qualquer,44,1224.0
16,CCS,CCSPRESG,Qualquer,45,1530.0
17,CCS,CCSPRESG,Qualquer,46,1530.0
18,CCS,CCSPRESG,Qualquer,47,1530.0
19,CCS,CCSPRESG,Qualquer,48,1224.0
20,CCS,CCSPRESG,Qualquer,49,1530.0
21,CCS,CCSPRESG,Qualquer,50,1530.0
22,CCS,CCSPRESG,Qualquer,51,1530.0
23,CCS,CCSPRESG,Qualquer,52,1224.0
24,CCS,CCSPRESG,Qualquer,53,1530.0
25,CCS,CCSSECME,Qualquer,29,5250.0
26,CCS,CCSSECME,Qualquer,30,5250.0
27,CCS,CCSSECME,Qualquer,31,5250.0
28,CCS,CCSSECME,Qualquer,32,0.0
29,CCS,CCSSECME,Qualquer,33,0.0
30,CCS,CCSSECME,Qualquer,34,0.0
31,CCS,CCSSECME,Qualquer,35,5250.0
32,CCS,CCSSECME,Qualquer,36,5250.0
33,CCS,CCSSECME,Qualquer,37,5250.0
34,CCS,CCSSECME,Qualquer,38,5250.0
35,CCS,CCSSECME,Qualquer,39,5250.0
36,CCS,CCSSECME,Qualquer,40,3150.0
37,CCS,CCSSECME,Qualquer,41,5250.0
38,CCS,CCSSECME,Qualquer,42,5250.0
39,CCS,CCSSECME,Qualquer,43,5250.0
40,CCS,CCSSECME,Qualquer,44,4200.0
41,CCS,CCSSECME,Qualquer,45,5250.0
42,CCS,CCSSECME,Qualquer,46,5250.0
43,CCS,CCSSECME,Qualquer,47,5250.0
44,CCS,CCSSECME,Qualquer,48,4200.0
45,CCS,CCSSECME,Qualquer,49,5250.0
46,CCS,CCSSECME,Qualquer,50,5250.0
47,CCS,CCSSECME,Qualquer,51,5250.0
48,CCS,CCSSECME,Qualquer,52,4200.0
49,CCS,CCSSECME,Qualquer,53,5250.0
50,CCS,CCSMTMME,Qualquer,29,3060.0
51,CCS,CCSMTMME,Qualquer,30,3060.0
52,CCS,CCSMTMME,Qualquer,31,3060.0
53,CCS,CCSMTMME,Qualquer,32,0.0
54,CCS,CCSMTMME,Qualquer,33,0.0
55,CCS,CCSMTMME,Qualquer,34,0.0
56,CCS,CCSMTMME,Qualquer,35,3060.0
57,CCS,CCSMTMME,Qualquer,36,3060.0
58,CCS,CCSMTMME,Qualquer,37,3060.0
59,CCS,CCSMTMME,Qualquer,38,3060.0
60,CCS,CCSMTMME,Qualquer,39,3060.0
61,CCS,CCSMTMME,Qualquer,40,1836.0
62,CCS,CCSMTMME,Qualquer,41,3060.0
63,CCS,CCSMTMME,Qualquer,42,3060.0
64,CCS,CCSMTMME,Qualquer,43,3060.0
65,CCS,CCSMTMME,Qualquer,44,2448.0
66,CCS,CCSMTMME,Qualquer,45,3060.0
67,CCS,CCSMTMME,Qualquer,46,3060.0
68,CCS,CCSMTMME,Qualquer,47,3060.0
69,CCS,CCSMTMME,Qualquer,48,2448.0
70,CCS,CCSMTMME,Qualquer,49,3060.0
71,CCS,CCSMTMME,Qualquer,50,3060.0
72,CCS,CCSMTMME,Qualquer,51,3060.0
73,CCS,CCSMTMME,Qualquer,52,2448.0
74,CCS,CCSMTMME,Qualquer,53,3060.0
75,CCS,CCSEMBME,Qualquer,29,3060.0
76,CCS,CCSEMBME,Qualquer,30,3060.0
77,CCS,CCSEMBME,Qualquer,31,3060.0
78,CCS,CCSEMBME,Qualquer,32,0.0
79,CCS,CCSEMBME,Qualquer,33,0.0
80,CCS,CCSEMBME,Qualquer,34,0.0
81,CCS,CCSEMBME,Qualquer,35,3060.0
82,CCS,CCSEMBME,Qualquer,36,3060.0
83,CCS,CCSEMBME,Qualquer,37,3060.0
84,CCS,CCSEMBME,Qualquer,38,3060.0
85,CCS,CCSEMBME,Qualquer,39,3060.0
86,CCS,CCSEMBME,Qualquer,40,1836.0
87,CCS,CCSEMBME,Qualquer,41,3060.0
88,CCS,CCSEMBME,Qualquer,42,3060.0
89,CCS,CCSEMBME,Qualquer,43,3060.0
90,CCS,CCSEMBME,Qualquer,44,2448.0
91,CCS,CCSEMBME,Qualquer,45,3060.0
92,CCS,CCSEMBME,Qualquer,46,3060.0
93,CCS,CCSEMBME,Qualquer,47,3060.0
94,CCS,CCSEMBME,Qualquer,48,2448.0
95,CCS,CCSEMBME,Qualquer,49,3060.0
96,CCS,CCSEMBME,Qualquer,50,3060.0
97,CCS,CCSEMBME,Qualquer,51,3060.0
98,CCS,CCSEMBME,Qualquer,52,2448.0
99,CCS,CCSEMBME,Qualquer,53,3060.0
100,CCS,CCSMTAME,Qualquer,29,3720.0
101,CCS,CCSMTAME,Qualquer,30,3720.0
102,CCS,CCSMTAME,Qualquer,31,3720.0
103,CCS,CCSMTAME,Qualquer,32,0.0
104,CCS,CCSMTAME,Qualquer,33,0.0
105,CCS,CCSMTAME,Qualquer,34,0.0
106,CCS,CCSMTAME,Qualquer,35,3720.0
107,CCS,CCSMTAME,Qualquer,36,3720.0
108,CCS,CCSMTAME,Qualquer,37,3720.0
109,CCS,CCSMTAME,Qualquer,38,3720.0
110,CCS,CCSMTAME,Qualquer,39,3720.0
111,CCS,CCSMTAME,Qualquer,40,2232.0
112,CCS,CCSMTAME,Qualquer,41,3720.0
113,CCS,CCSMTAME,Qualquer,42,3720.0
114,CCS,CCSMTAME,Qualquer,43,3720.0
115,CCS,CCSMTAME,Qualquer,44,2976.0
116,CCS,CCSMTAME,Qualquer,45,3720.0
117,CCS,CCSMTAME,Qualquer,46,3720.0
118,CCS,CCSMTAME,Qualquer,47,3720.0
119,CCS,CCSMTAME,Qualquer,48,2976.0
120,CCS,CCSMTAME,Qualquer,49,3720.0
121,CCS,CCSMTAME,Qualquer,50,3720.0
122,CCS,CCSMTAME,Qualquer,51,3720.0
123,CCS,CCSMTAME,Qualquer,52,2976.0
124,CCS,CCSMTAME,Qualquer,53,3720.0
125,CCS,CCSLIXPL,Qualquer,29,1310.0
126,CCS,CCSLIXPL,Qualquer,30,1310.0
127,CCS,CCSLIXPL,Qualquer,31,1310.0
128,CCS,CCSLIXPL,Qualquer,32,0.0
129,CCS,CCSLIXPL,Qualquer,33,0.0
130,CCS,CCSLIXPL,Qualquer,34,0.0
131,CCS,CCSLIXPL,Qualquer,35,1310.0
132,CCS,CCSLIXPL,Qualquer,36,1310.0
133,CCS,CCSLIXPL,Qualquer,37,1310.0
134,CCS,CCSLIXPL,Qualquer,38,1310.0
135,CCS,CCSLIXPL,Qualquer,39,1310.0
136,CCS,CCSLIXPL,Qualquer,40,786.0
137,CCS,CCSLIXPL,Qualquer,41,1310.0
138,CCS,CCSLIXPL,Qualquer,42,1310.0
139,CCS,CCSLIXPL,Qualquer,43,1310.0
140,CCS,CCSLIXPL,Qualquer,44,1048.0
141,CCS,CCSLIXPL,Qualquer,45,1310.0
142,CCS,CCSLIXPL,Qualquer,46,1310.0
143,CCS,CCSLIXPL,Qualquer,47,1310.0
144,CCS,CCSLIXPL,Qualquer,48,1048.0
145,CCS,CCSLIXPL,Qualquer,49,1310.0
146,CCS,CCSLIXPL,Qualquer,50,1310.0
147,CCS,CCSLIXPL,Qualquer,51,1310.0
148,CCS,CCSLIXPL,Qualquer,52,1048.0
149,CCS,CCSLIXPL,Qualquer,53,1310.0
150,CCS,CCSCMEAC,Qualquer,29,3060.0
151,CCS,CCSCMEAC,Qualquer,30,3060.0
152,CCS,CCSCMEAC,Qualquer,31,3060.0
153,CCS,CCSCMEAC,Qualquer,32,0.0
154,CCS,CCSCMEAC,Qualquer,33,0.0
155,CCS,CCSCMEAC,Qualquer,34,0.0
156,CCS,CCSCMEAC,Qualquer,35,3060.0
157,CCS,CCSCMEAC,Qualquer,36,3060.0
158,CCS,CCSCMEAC,Qualquer,37,3060.0
159,CCS,CCSCMEAC,Qualquer,38,3060.0
160,CCS,CCSCMEAC,Qualquer,39,3060.0
161,CCS,CCSCMEAC,Qualquer,40,1836.0
162,CCS,CCSCMEAC,Qualquer,41,3060.0
163,CCS,CCSCMEAC,Qualquer,42,3060.0
164,CCS,CCSCMEAC,Qualquer,43,3060.0
165,CCS,CCSCMEAC,Qualquer,44,2448.0
166,CCS,CCSCMEAC,Qualquer,45,3060.0
167,CCS,CCSCMEAC,Qualquer,46,3060.0
168,CCS,CCSCMEAC,Qualquer,47,3060.0
169,CCS,CCSCMEAC,Qualquer,48,2448.0
170,CCS,CCSCMEAC,Qualquer,49,3060.0
171,CCS,CCSCMEAC,Qualquer,50,3060.0
172,CCS,CCSCMEAC,Qualquer,51,3060.0
173,CCS,CCSCMEAC,Qualquer,52,2448.0
174,CCS,CCSCMEAC,Qualquer,53,3060.0
175,CCS,CCSHOTAC,Qualquer,29,3590.0
176,CCS,CCSHOTAC,Qualquer,30,3590.0
177,CCS,CCSHOTAC,Qualquer,31,3590.0
178,CCS,CCSHOTAC,Qualquer,32,0.0
179,CCS,CCSHOTAC,Qualquer,33,0.0
180,CCS,CCSHOTAC,Qualquer,34,0.0
181,CCS,CCSHOTAC,Qualquer,35,3590.0
182,CCS,CCSHOTAC,Qualquer,36,3590.0
183,CCS,CCSHOTAC,Qualquer,37,3590.0
184,CCS,CCSHOTAC,Qualquer,38,3590.0
185,CCS,CCSHOTAC,Qualquer,39,3590.0
186,CCS,CCSHOTAC,Qualquer,40,2154.0
187,CCS,CCSHOTAC,Qualquer,41,3590.0
188,CCS,CCSHOTAC,Qualquer,42,3590.0
189,CCS,CCSHOTAC,Qualquer,43,3590.0
190,CCS,CCSHOTAC,Qualquer,44,2872.0
191,CCS,CCSHOTAC,Qualquer,45,3590.0
192,CCS,CCSHOTAC,Qualquer,46,3590.0
193,CCS,CCSHOTAC,Qualquer,47,3590.0
194,CCS,CCSHOTAC,Qualquer,48,2872.0
195,CCS,CCSHOTAC,Qualquer,49,3590.0
196,CCS,CCSHOTAC,Qualquer,50,3590.0
197,CCS,CCSHOTAC,Qualquer,51,3590.0
198,CCS,CCSHOTAC,Qualquer,52,2872.0
199,CCS,CCSHOTAC,Qualquer,53,3590.0
200,CCS,CCSLXRAC,Qualquer,29,1530.0
201,CCS,CCSLXRAC,Qualquer,30,1530.0
202,CCS,CCSLXRAC,Qualquer,31,1530.0
203,CCS,CCSLXRAC,Qualquer,32,0.0
204,CCS,CCSLXRAC,Qualquer,33,0.0
205,CCS,CCSLXRAC,Qualquer,34,0.0
206,CCS,CCSLXRAC,Qualquer,35,1530.0
207,CCS,CCSLXRAC,Qualquer,36,1530.0
208,CCS,CCSLXRAC,Qualquer,37,1530.0
209,CCS,CCSLXRAC,Qualquer,38,1530.0
210,CCS,CCSLXRAC,Qualquer,39,1530.0
211,CCS,CCSLXRAC,Qualquer,40,918.0
212,CCS,CCSLXRAC,Qualquer,41,1530.0
213,CCS,CCSLXRAC,Qualquer,42,1530.0
214,CCS,CCSLXRAC,Qualquer,43,1530.0
215,CCS,CCSLXRAC,Qualquer,44,1224.0
216,CCS,CCSLXRAC,Qualquer,45,1530.0
217,CCS,CCSLXRAC,Qualquer,46,1530.0
218,CCS,CCSLXRAC,Qualquer,47,1530.0
219,CCS,CCSLXRAC,Qualquer,48,1224.0
220,CCS,CCSLXRAC,Qualquer,49,1530.0
221,CCS,CCSLXRAC,Qualquer,50,1530.0
222,CCS,CCSLXRAC,Qualquer,51,1530.0
223,CCS,CCSLXRAC,Qualquer,52,1224.0
224,CCS,CCSLXRAC,Qualquer,53,1530.0
225,CCS,CCSPINAC,Qualquer,29,1310.0
226,CCS,CCSPINAC,Qualquer,30,1310.0
227,CCS,CCSPINAC,Qualquer,31,1310.0
228,CCS,CCSPINAC,Qualquer,32,0.0
229,CCS,CCSPINAC,Qualquer,33,0.0
230,CCS,CCSPINAC,Qualquer,34,0.0
231,CCS,CCSPINAC,Qualquer,35,1310.0
232,CCS,CCSPINAC,Qualquer,36,1310.0
233,CCS,CCSPINAC,Qualquer,37,1310.0
234,CCS,CCSPINAC,Qualquer,38,1310.0
235,CCS,CCSPINAC,Qualquer,39,1310.0
236,CCS,CCSPINAC,Qualquer,40,786.0
237,CCS,CCSPINAC,Qualquer,41,1310.0
238,CCS,CCSPINAC,Qualquer,42,1310.0
239,CCS,CCSPINAC,Qualquer,43,1310.0
240,CCS,CCSPINAC,Qualquer,44,1048.0
241,CCS,CCSPINAC,Qualquer,45,1310.0
242,CCS,CCSPINAC,Qualquer,46,1310.0
243,CCS,CCSPINAC,Qualquer,47,1310.0
244,CCS,CCSPINAC,Qualquer,48,1048.0
245,CCS,CCSPINAC,Qualquer,49,1310.0
246,CCS,CCSPINAC,Qualquer,50,1310.0
247,CCS,CCSPINAC,Qualquer,51,1310.0
248,CCS,CCSPINAC,Qualquer,52,1048.0
249,CCS,CCSPINAC,Qualquer,53,1310.0
250,CCS,CCSREBAC,Qualquer,29,3060.0
251,CCS,CCSREBAC,Qualquer,30,3060.0
252,CCS,CCSREBAC,Qualquer,31,3060.0
253,CCS,CCSREBAC,Qualquer,32,0.0
254,CCS,CCSREBAC,Qualquer,33,0.0
255,CCS,CCSREBAC,Qualquer,34,0.0
256,CCS,CCSREBAC,Qualquer,35,3060.0
257,CCS,CCSREBAC,Qualquer,36,3060.0
258,CCS,CCSREBAC,Qualquer,37,3060.0
259,CCS,CCSREBAC,Qualquer,38,3060.0
260,CCS,CCSREBAC,Qualquer,39,3060.0
261,CCS,CCSREBAC,Qualquer,40,1836.0
262,CCS,CCSREBAC,Qualquer,41,3060.0
263,CCS,CCSREBAC,Qualquer,42,3060.0
264,CCS,CCSREBAC,Qualquer,43,3060.0
265,CCS,CCSREBAC,Qualquer,44,2448.0
266,CCS,CCSREBAC,Qualquer,45,3060.0
267,CCS,CCSREBAC,Qualquer,46,3060.0
268,CCS,CCSREBAC,Qualquer,47,3060.0
269,CCS,CCSREBAC,Qualquer,48,2448.0
270,CCS,CCSREBAC,Qualquer,49,3060.0
271,CCS,CCSREBAC,Qualquer,50,3060.0
272,CCS,CCSREBAC,Qualquer,51,3060.0
273,CCS,CCSREBAC,Qualquer,52,2448.0
274,CCS,CCSREBAC,Qualquer,53,3060.0
275,CCS,CCSEBAAC,Qualquer,29,1795.0
276,CCS,CCSEBAAC,Qualquer,30,1795.0
277,CCS,CCSEBAAC,Qualquer,31,1795.0
278,CCS,CCSEBAAC,Qualquer,32,0.0
279,CCS,CCSEBAAC,Qualquer,33,0.0
280,CCS,CCSEBAAC,Qualquer,34,0.0
281,CCS,CCSEBAAC,Qualquer,35,1795.0
282,CCS,CCSEBAAC,Qualquer,36,1795.0
283,CCS,CCSEBAAC,Qualquer,37,1795.0
284,CCS,CCSEBAAC,Qualquer,38,1795.0
285,CCS,CCSEBAAC,Qualquer,39,1795.0
286,CCS,CCSEBAAC,Qualquer,40,1077.0
287,CCS,CCSEBAAC,Qualquer,41,1795.0
288,CCS,CCSEBAAC,Qualquer,42,1795.0
289,CCS,CCSEBAAC,Qualquer,43,1795.0
290,CCS,CCSEBAAC,Qualquer,44,1436.0
291,CCS,CCSEBAAC,Qualquer,45,1795.0
292,CCS,CCSEBAAC,Qualquer,46,1795.0
293,CCS,CCSEBAAC,Qualquer,47,1795.0
294,CCS,CCSEBAAC,Qualquer,48,1436.0
295,CCS,CCSEBAAC,Qualquer,49,1795.0
296,CCS,CCSEBAAC,Qualquer,50,1795.0
297,CCS,CCSEBAAC,Qualquer,51,1795.0
298,CCS,CCSEBAAC,Qualquer,52,1436.0
299,CCS,CCSEBAAC,Qualquer,53,1795.0
300,CCS,CCSBALMQ,Qualquer,29,1530.0
301,CCS,CCSBALMQ,Qualquer,30,1530.0
302,CCS,CCSBALMQ,Qualquer,31,1530.0
303,CCS,CCSBALMQ,Qualquer,32,0.0
304,CCS,CCSBALMQ,Qualquer,33,0.0
305,CCS,CCSBALMQ,Qualquer,34,0.0
306,CCS,CCSBALMQ,Qualquer,35,1530.0
307,CCS,CCSBALMQ,Qualquer,36,1530.0
308,CCS,CCSBALMQ,Qualquer,37,1530.0
309,CCS,CCSBALMQ,Qualquer,38,1530.0
310,CCS,CCSBALMQ,Qualquer,39,1530.0
311,CCS,CCSBALMQ,Qualquer,40,918.0
312,CCS,CCSBALMQ,Qualquer,41,1530.0
313,CCS,CCSBALMQ,Qualquer,42,1530.0
314,CCS,CCSBALMQ,Qualquer,43,1530.0
315,CCS,CCSBALMQ,Qualquer,44,1224.0
316,CCS,CCSBALMQ,Qualquer,45,1530.0
317,CCS,CCSBALMQ,Qualquer,46,1530.0
318,CCS,CCSBALMQ,Qualquer,47,1530.0
319,CCS,CCSBALMQ,Qualquer,48,1224.0
320,CCS,CCSBALMQ,Qualquer,49,1530.0
321,CCS,CCSBALMQ,Qualquer,50,1530.0
322,CCS,CCSBALMQ,Qualquer,51,1530.0
323,CCS,CCSBALMQ,Qualquer,52,1224.0
324,CCS,CCSBALMQ,Qualquer,53,1530.0
325,CCS,CCSPARAF,Qualquer,29,1530.0
326,CCS,CCSPARAF,Qualquer,30,1530.0
327,CCS,CCSPARAF,Qualquer,31,1530.0
328,CCS,CCSPARAF,Qualquer,32,0.0
329,CCS,CCSPARAF,Qualquer,33,0.0
330,CCS,CCSPARAF,Qualquer,34,0.0
331,CCS,CCSPARAF,Qualquer,35,1530.0
332,CCS,CCSPARAF,Qualquer,36,1530.0
333,CCS,CCSPARAF,Qualquer,37,1530.0
334,CCS,CCSPARAF,Qualquer,38,1530.0
335,CCS,CCSPARAF,Qualquer,39,1530.0
336,CCS,CCSPARAF,Qualquer,40,918.0
337,CCS,CCSPARAF,Qualquer,41,1530.0
338,CCS,CCSPARAF,Qualquer,42,1530.0
339,CCS,CCSPARAF,Qualquer,43,1530.0
340,CCS,CCSPARAF,Qualquer,44,1224.0
341,CCS,CCSPARAF,Qualquer,45,1530.0
342,CCS,CCSPARAF,Qualquer,46,1530.0
343,CCS,CCSPARAF,Qualquer,47,1530.0
344,CCS,CCSPARAF,Qualquer,48,1224.0
345,CCS,CCSPARAF,Qualquer,49,1530.0
346,CCS,CCSPARAF,Qualquer,50,1530.0
347,CCS,CCSPARAF,Qualquer,51,1530.0
348,CCS,CCSPARAF,Qualquer,52,1224.0
349,CCS,CCSPARAF,Qualquer,53,1530.0
350,CCS,CCSEBMTR,Qualquer,29,3060.0
351,CCS,CCSEBMTR,Qualquer,30,3060.0
352,CCS,CCSEBMTR,Qualquer,31,3060.0
353,CCS,CCSEBMTR,Qualquer,32,0.0
354,CCS,CCSEBMTR,Qualquer,33,0.0
355,CCS,CCSEBMTR,Qualquer,34,0.0
356,CCS,CCSEBMTR,Qualquer,35,3060.0
357,CCS,CCSEBMTR,Qualquer,36,3060.0
358,CCS,CCSEBMTR,Qualquer,37,3060.0
359,CCS,CCSEBMTR,Qualquer,38,3060.0
360,CCS,CCSEBMTR,Qualquer,39,3060.0
361,CCS,CCSEBMTR,Qualquer,40,1836.0
362,CCS,CCSEBMTR,Qualquer,41,3060.0
363,CCS,CCSEBMTR,Qualquer,42,3060.0
364,CCS,CCSEBMTR,Qualquer,43,3060.0
365,CCS,CCSEBMTR,Qualquer,44,2448.0
366,CCS,CCSEBMTR,Qualquer,45,3060.0
367,CCS,CCSEBMTR,Qualquer,46,3060.0
368,CCS,CCSEBMTR,Qualquer,47,3060.0
369,CCS,CCSEBMTR,Qualquer,48,2448.0
370,CCS,CCSEBMTR,Qualquer,49,3060.0
371,CCS,CCSEBMTR,Qualquer,50,3060.0
372,CCS,CCSEBMTR,Qualquer,51,3060.0
373,CCS,CCSEBMTR,Qualquer,52,2448.0
374,CCS,CCSEBMTR,Qualquer,53,3060.0
375,CCS,CCSTRIVM,Qualquer,29,3060.0
376,CCS,CCSTRIVM,Qualquer,30,3060.0
377,CCS,CCSTRIVM,Qualquer,31,3060.0
378,CCS,CCSTRIVM,Qualquer,32,0.0
379,CCS,CCSTRIVM,Qualquer,33,0.0
380,CCS,CCSTRIVM,Qualquer,34,0.0
381,CCS,CCSTRIVM,Qualquer,35,3060.0
382,CCS,CCSTRIVM,Qualquer,36,3060.0
383,CCS,CCSTRIVM,Qualquer,37,3060.0
384,CCS,CCSTRIVM,Qualquer,38,3060.0
385,CCS,CCSTRIVM,Qualquer,39,3060.0
386,CCS,CCSTRIVM,Qualquer,40,1836.0
387,CCS,CCSTRIVM,Qualquer,41,3060.0
388,CCS,CCSTRIVM,Qualquer,42,3060.0
389,CCS,CCSTRIVM,Qualquer,43,3060.0
390,CCS,CCSTRIVM,Qualquer,44,2448.0
391,CCS,CCSTRIVM,Qualquer,45,3060.0
392,CCS,CCSTRIVM,Qualquer,46,3060.0
393,CCS,CCSTRIVM,Qualquer,47,3060.0
394,CCS,CCSTRIVM,Qualquer,48,2448.0
395,CCS,CCSTRIVM,Qualquer,49,3060.0
396,CCS,CCSTRIVM,Qualquer,50,3060.0
397,CCS,CCSTRIVM,Qualquer,51,3060.0
398,CCS,CCSTRIVM,Qualquer,52,2448.0
399,CCS,CCSTRIVM,Qualquer,53,3060.0
400,CCS,CCSTRIVA,Qualquer,29,1530.0
401,CCS,CCSTRIVA,Qualquer,30,1530.0
402,CCS,CCSTRIVA,Qualquer,31,1530.0
403,CCS,CCSTRIVA,Qualquer,32,0.0
404,CCS,CCSTRIVA,Qualquer,33,0.0
405,CCS,CCSTRIVA,Qualquer,34,0.0
406,CCS,CCSTRIVA,Qualquer,35,1530.0
407,CCS,CCSTRIVA,Qualquer,36,1530.0
408,CCS,CCSTRIVA,Qualquer,37,1530.0
409,CCS,CCSTRIVA,Qualquer,38,1530.0
410,CCS,CCSTRIVA,Qualquer,39,1530.0
411,CCS,CCSTRIVA,Qualquer,40,918.0
412,CCS,CCSTRIVA,Qualquer,41,1530.0
413,CCS,CCSTRIVA,Qualquer,42,1530.0
414,CCS,CCSTRIVA,Qualquer,43,1530.0
415,CCS,CCSTRIVA,Qualquer,44,1224.0
416,CCS,CCSTRIVA,Qualquer,45,1530.0
417,CCS,CCSTRIVA,Qualquer,46,1530.0
418,CCS,CCSTRIVA,Qualquer,47,1530.0
419,CCS,CCSTRIVA,Qualquer,48,1224.0
420,CCS,CCSTRIVA,Qualquer,49,1530.0
421,CCS,CCSTRIVA,Qualquer,50,1530.0
422,CCS,CCSTRIVA,Qualquer,51,1530.0
423,CCS,CCSTRIVA,Qualquer,52,1224.0
424,CCS,CCSTRIVA,Qualquer,53,1530.0
425,CCS,CCSDIVMQ,Qualquer,29,3060.0
426,CCS,CCSDIVMQ,Qualquer,30,3060.0
427,CCS,CCSDIVMQ,Qualquer,31,3060.0
428,CCS,CCSDIVMQ,Qualquer,32,0.0
429,CCS,CCSDIVMQ,Qualquer,33,0.0
430,CCS,CCSDIVMQ,Qualquer,34,0.0
431,CCS,CCSDIVMQ,Qualquer,35,3060.0
432,CCS,CCSDIVMQ,Qualquer,36,3060.0
433,CCS,CCSDIVMQ,Qualquer,37,3060.0
434,CCS,CCSDIVMQ,Qualquer,38,3060.0
435,CCS,CCSDIVMQ,Qualquer,39,3060.0
436,CCS,CCSDIVMQ,Qualquer,40,1836.0
437,CCS,CCSDIVMQ,Qualquer,41,3060.0
438,CCS,CCSDIVMQ,Qualquer,42,3060.0
439,CCS,CCSDIVMQ,Qualquer,43,3060.0
440,CCS,CCSDIVMQ,Qualquer,44,2448.0
441,CCS,CCSDIVMQ,Qualquer,45,3060.0
442,CCS,CCSDIVMQ,Qualquer,46,3060.0
443,CCS,CCSDIVMQ,Qualquer,47,3060.0
444,CCS,CCSDIVMQ,Qualquer,48,2448.0
445,CCS,CCSDIVMQ,Qualquer,49,3060.0
446,CCS,CCSDIVMQ,Qualquer,50,3060.0
447,CCS,CCSDIVMQ,Qualquer,51,3060.0
448,CCS,CCSDIVMQ,Qualquer,52,2448.0
449,CCS,CCSDIVMQ,Qualquer,53,3060.0
450,CCS,CCSCNCMQ,Qualquer,29,3500.0
451,CCS,CCSCNCMQ,Qualquer,30,3500.0
452,CCS,CCSCNCMQ,Qualquer,31,3500.0
453,CCS,CCSCNCMQ,Qualquer,32,0.0
454,CCS,CCSCNCMQ,Qualquer,33,0.0
455,CCS,CCSCNCMQ,Qualquer,34,0.0
456,CCS,CCSCNCMQ,Qualquer,35,3500.0
457,CCS,CCSCNCMQ,Qualquer,36,3500.0
458,CCS,CCSCNCMQ,Qualquer,37,3500.0
459,CCS,CCSCNCMQ,Qualquer,38,3500.0
460,CCS,CCSCNCMQ,Qualquer,39,3500.0
461,CCS,CCSCNCMQ,Qualquer,40,2100.0
462,CCS,CCSCNCMQ,Qualquer,41,3500.0
463,CCS,CCSCNCMQ,Qualquer,42,3500.0
464,CCS,CCSCNCMQ,Qualquer,43,3500.0
465,CCS,CCSCNCMQ,Qualquer,44,2800.0
466,CCS,CCSCNCMQ,Qualquer,45,3500.0
467,CCS,CCSCNCMQ,Qualquer,46,3500.0
468,CCS,CCSCNCMQ,Qualquer,47,3500.0
469,CCS,CCSCNCMQ,Qualquer,48,2800.0
470,CCS,CCSCNCMQ,Qualquer,49,3500.0
471,CCS,CCSCNCMQ,Qualquer,50,3500.0
472,CCS,CCSCNCMQ,Qualquer,51,3500.0
473,CCS,CCSCNCMQ,Qualquer,52,2800.0
474,CCS,CCSCNCMQ,Qualquer,53,3500.0
475,CCS,CCSENRAC,Qualquer,29,3940.0
476,CCS,CCSENRAC,Qualquer,30,3940.0
477,CCS,CCSENRAC,Qualquer,31,3940.0
478,CCS,CCSENRAC,Qualquer,32,0.0
479,CCS,CCSENRAC,Qualquer,33,0.0
480,CCS,CCSENRAC,Qualquer,34,0.0
481,CCS,CCSENRAC,Qualquer,35,3940.0
482,CCS,CCSENRAC,Qualquer,36,3940.0
483,CCS,CCSENRAC,Qualquer,37,3940.0
484,CCS,CCSENRAC,Qualquer,38,3940.0
485,CCS,CCSENRAC,Qualquer,39,3940.0
486,CCS,CCSENRAC,Qualquer,40,2364.0
487,CCS,CCSENRAC,Qualquer,41,3940.0
488,CCS,CCSENRAC,Qualquer,42,3940.0
489,CCS,CCSENRAC,Qualquer,43,3940.0
490,CCS,CCSENRAC,Qualquer,44,3152.0
491,CCS,CCSENRAC,Qualquer,45,3940.0
492,CCS,CCSENRAC,Qualquer,46,3940.0
493,CCS,CCSENRAC,Qualquer,47,3940.0
494,CCS,CCSENRAC,Qualquer,48,3152.0
495,CCS,CCSENRAC,Qualquer,49,3940.0
496,CCS,CCSENRAC,Qualquer,50,3940.0
497,CCS,CCSENRAC,Qualquer,51,3940.0
498,CCS,CCSENRAC,Qualquer,52,3152.0
499,CCS,CCSENRAC,Qualquer,53,3940.0
500,CCS,CCSJATAG,Qualquer,29,1795.0
501,CCS,CCSJATAG,Qualquer,30,1795.0
502,CCS,CCSJATAG,Qualquer,31,1795.0
503,CCS,CCSJATAG,Qualquer,32,0.0
504,CCS,CCSJATAG,Qualquer,33,0.0
505,CCS,CCSJATAG,Qualquer,34,0.0
506,CCS,CCSJATAG,Qualquer,35,1795.0
507,CCS,CCSJATAG,Qualquer,36,1795.0
508,CCS,CCSJATAG,Qualquer,37,1795.0
509,CCS,CCSJATAG,Qualquer,38,1795.0
510,CCS,CCSJATAG,Qualquer,39,1795.0
511,CCS,CCSJATAG,Qualquer,40,1077.0
512,CCS,CCSJATAG,Qualquer,41,1795.0
513,CCS,CCSJATAG,Qualquer,42,1795.0
514,CCS,CCSJATAG,Qualquer,43,1795.0
515,CCS,CCSJATAG,Qualquer,44,1436.0
516,CCS,CCSJATAG,Qualquer,45,1795.0
517,CCS,CCSJATAG,Qualquer,46,1795.0
518,CCS,CCSJATAG,Qualquer,47,1795.0
519,CCS,CCSJATAG,Qualquer,48,1436.0
520,CCS,CCSJATAG,Qualquer,49,1795.0
521,CCS,CCSJATAG,Qualquer,50,1795.0
522,CCS,CCSJATAG,Qualquer,51,1795.0
523,CCS,CCSJATAG,Qualquer,52,1436.0
524,CCS,CCSJATAG,Qualquer,53,1795.0
525,CCS,CCSVULJT,Qualquer,29,1640.0
526,CCS,CCSVULJT,Qualquer,30,1640.0
527,CCS,CCSVULJT,Qualquer,31,1640.0
528,CCS,CCSVULJT,Qualquer,32,0.0
529,CCS,CCSVULJT,Qualquer,33,0.0
530,CCS,CCSVULJT,Qualquer,34,0.0
531,CCS,CCSVULJT,Qualquer,35,1640.0
532,CCS,CCSVULJT,Qualquer,36,1640.0
533,CCS,CCSVULJT,Qualquer,37,1640.0
534,CCS,CCSVULJT,Qualquer,38,1640.0
535,CCS,CCSVULJT,Qualquer,39,1640.0
536,CCS,CCSVULJT,Qualquer,40,984.0
537,CCS,CCSVULJT,Qualquer,41,1640.0
538,CCS,CCSVULJT,Qualquer,42,1640.0
539,CCS,CCSVULJT,Qualquer,43,1640.0
540,CCS,CCSVULJT,Qualquer,44,1312.0
541,CCS,CCSVULJT,Qualquer,45,1640.0
542,CCS,CCSVULJT,Qualquer,46,1640.0
543,CCS,CCSVULJT,Qualquer,47,1640.0
544,CCS,CCSVULJT,Qualquer,48,1312.0
545,CCS,CCSVULJT,Qualquer,49,1640.0
546,CCS,CCSVULJT,Qualquer,50,1640.0
547,CCS,CCSVULJT,Qualquer,51,1640.0
548,CCS,CCSVULJT,Qualquer,52,1312.0
549,CCS,CCSVULJT,Qualquer,53,1640.0
550,CCS,CCSBALJT,Qualquer,29,3060.0
551,CCS,CCSBALJT,Qualquer,30,3060.0
552,CCS,CCSBALJT,Qualquer,31,3060.0
553,CCS,CCSBALJT,Qualquer,32,0.0
554,CCS,CCSBALJT,Qualquer,33,0.0
555,CCS,CCSBALJT,Qualquer,34,0.0
556,CCS,CCSBALJT,Qualquer,35,3060.0
557,CCS,CCSBALJT,Qualquer,36,3060.0
558,CCS,CCSBALJT,Qualquer,37,3060.0
559,CCS,CCSBALJT,Qualquer,38,3060.0
560,CCS,CCSBALJT,Qualquer,39,3060.0
561,CCS,CCSBALJT,Qualquer,40,1836.0
562,CCS,CCSBALJT,Qualquer,41,3060.0
563,CCS,CCSBALJT,Qualquer,42,3060.0
564,CCS,CCSBALJT,Qualquer,43,3060.0
565,CCS,CCSBALJT,Qualquer,44,2448.0
566,CCS,CCSBALJT,Qualquer,45,3060.0
567,CCS,CCSBALJT,Qualquer,46,3060.0
568,CCS,CCSBALJT,Qualquer,47,3060.0
569,CCS,CCSBALJT,Qualquer,48,2448.0
570,CCS,CCSBALJT,Qualquer,49,3060.0
571,CCS,CCSBALJT,Qualquer,50,3060.0
572,CCS,CCSBALJT,Qualquer,51,3060.0
573,CCS,CCSBALJT,Qualquer,52,2448.0
574,CCS,CCSBALJT,Qualquer,53,3060.0
575,CCS,CCSDIVJT,Qualquer,29,1530.0
576,CCS,CCSDIVJT,Qualquer,30,1530.0
577,CCS,CCSDIVJT,Qualquer,31,1530.0
578,CCS,CCSDIVJT,Qualquer,32,0.0
579,CCS,CCSDIVJT,Qualquer,33,0.0
580,CCS,CCSDIVJT,Qualquer,34,0.0
581,CCS,CCSDIVJT,Qualquer,35,1530.0
582,CCS,CCSDIVJT,Qualquer,36,1530.0
583,CCS,CCSDIVJT,Qualquer,37,1530.0
584,CCS,CCSDIVJT,Qualquer,38,1530.0
585,CCS,CCSDIVJT,Qualquer,39,1530.0
586,CCS,CCSDIVJT,Qualquer,40,918.0
587,CCS,CCSDIVJT,Qualquer,41,1530.0
588,CCS,CCSDIVJT,Qualquer,42,1530.0
589,CCS,CCSDIVJT,Qualquer,43,1530.0
590,CCS,CCSDIVJT,Qualquer,44,1224.0
591,CCS,CCSDIVJT,Qualquer,45,1530.0
592,CCS,CCSDIVJT,Qualquer,46,1530.0
593,CCS,CCSDIVJT,Qualquer,47,1530.0
594,CCS,CCSDIVJT,Qualquer,48,1224.0
595,CCS,CCSDIVJT,Qualquer,49,1530.0
596,CCS,CCSDIVJT,Qualquer,50,1530.0
597,CCS,CCSDIVJT,Qualquer,51,1530.0
598,CCS,CCSDIVJT,Qualquer,52,1224.0
599,CCS,CCSDIVJT,Qualquer,53,1530.0
600,CCS,CCSPRECO,Qualquer,29,1530.0
601,CCS,CCSPRECO,Qualquer,30,1530.0
602,CCS,CCSPRECO,Qualquer,31,1530.0
603,CCS,CCSPRECO,Qualquer,32,0.0
604,CCS,CCSPRECO,Qualquer,33,0.0
605,CCS,CCSPRECO,Qualquer,34,0.0
606,CCS,CCSPRECO,Qualquer,35,1530.0
607,CCS,CCSPRECO,Qualquer,36,1530.0
608,CCS,CCSPRECO,Qualquer,37,1530.0
609,CCS,CCSPRECO,Qualquer,38,1530.0
610,CCS,CCSPRECO,Qualquer,39,1530.0
611,CCS,CCSPRECO,Qualquer,40,918.0
612,CCS,CCSPRECO,Qualquer,41,1530.0
613,CCS,CCSPRECO,Qualquer,42,1530.0
614,CCS,CCSPRECO,Qualquer,43,1530.0
615,CCS,CCSPRECO,Qualquer,44,1224.0
616,CCS,CCSPRECO,Qualquer,45,1530.0
617,CCS,CCSPRECO,Qualquer,46,1530.0
618,CCS,CCSPRECO,Qualquer,47,1530.0
619,CCS,CCSPRECO,Qualquer,48,1224.0
620,CCS,CCSPRECO,Qualquer,49,1530.0
621,CCS,CCSPRECO,Qualquer,50,1530.0
622,CCS,CCSPRECO,Qualquer,51,1530.0
623,CCS,CCSPRECO,Qualquer,52,1224.0
624,CCS,CCSPRECO,Qualquer,53,1530.0
625,CCS,CCSEBKDV,Qualquer,29,2050.0
626,CCS,CCSEBKDV,Qualquer,30,2050.0
627,CCS,CCSEBKDV,Qualquer,31,2050.0
628,CCS,CCSEBKDV,Qualquer,32,0.0
629,CCS,CCSEBKDV,Qualquer,33,0.0
630,CCS,CCSEBKDV,Qualquer,34,0.0
631,CCS,CCSEBKDV,Qualquer,35,2050.0
632,CCS,CCSEBKDV,Qualquer,36,2050.0
633,CCS,CCSEBKDV,Qualquer,37,2050.0
634,CCS,CCSEBKDV,Qualquer,38,2050.0
635,CCS,CCSEBKDV,Qualquer,39,2050.0
636,CCS,CCSEBKDV,Qualquer,40,1230.0
637,CCS,CCSEBKDV,Qualquer,41,2050.0
638,CCS,CCSEBKDV,Qualquer,42,2050.0
639,CCS,CCSEBKDV,Qualquer,43,2050.0
640,CCS,CCSEBKDV,Qualquer,44,1640.0
641,CCS,CCSEBKDV,Qualquer,45,2050.0
642,CCS,CCSEBKDV,Qualquer,46,2050.0
643,CCS,CCSEBKDV,Qualquer,47,2050.0
644,CCS,CCSEBKDV,Qualquer,48,1640.0
645,CCS,CCSEBKDV,Qualquer,49,2050.0
646,CCS,CCSEBKDV,Qualquer,50,2050.0
647,CCS,CCSEBKDV,Qualquer,51,2050.0
648,CCS,CCSEBKDV,Qualquer,52,1640.0
649,CCS,CCSEBKDV,Qualquer,53,2050.0
650,CCS,CCSEMBJT,Qualquer,29,1530.0
651,CCS,CCSEMBJT,Qualquer,30,1530.0
652,CCS,CCSEMBJT,Qualquer,31,1530.0
653,CCS,CCSEMBJT,Qualquer,32,0.0
654,CCS,CCSEMBJT,Qualquer,33,0.0
655,CCS,CCSEMBJT,Qualquer,34,0.0
656,CCS,CCSEMBJT,Qualquer,35,1530.0
657,CCS,CCSEMBJT,Qualquer,36,1530.0
658,CCS,CCSEMBJT,Qualquer,37,1530.0
659,CCS,CCSEMBJT,Qualquer,38,1530.0
660,CCS,CCSEMBJT,Qualquer,39,1530.0
661,CCS,CCSEMBJT,Qualquer,40,918.0
662,CCS,CCSEMBJT,Qualquer,41,1530.0
663,CCS,CCSEMBJT,Qualquer,42,1530.0
664,CCS,CCSEMBJT,Qualquer,43,1530.0
665,CCS,CCSEMBJT,Qualquer,44,1224.0
666,CCS,CCSEMBJT,Qualquer,45,1530.0
667,CCS,CCSEMBJT,Qualquer,46,1530.0
668,CCS,CCSEMBJT,Qualquer,47,1530.0
669,CCS,CCSEMBJT,Qualquer,48,1224.0
670,CCS,CCSEMBJT,Qualquer,49,1530.0
671,CCS,CCSEMBJT,Qualquer,50,1530.0
672,CCS,CCSEMBJT,Qualquer,51,1530.0
673,CCS,CCSEMBJT,Qualquer,52,1224.0
674,CCS,CCSEMBJT,Qualquer,53,1530.0
675,CNM,CNMCOLBL,Qualquer,29,1680.0
676,CNM,CNMCOLBL,Qualquer,30,1680.0
677,CNM,CNMCOLBL,Qualquer,31,1680.0
678,CNM,CNMCOLBL,Qualquer,32,0.0
679,CNM,CNMCOLBL,Qualquer,33,0.0
680,CNM,CNMCOLBL,Qualquer,34,0.0
681,CNM,CNMCOLBL,Qualquer,35,1680.0
682,CNM,CNMCOLBL,Qualquer,36,1680.0
683,CNM,CNMCOLBL,Qualquer,37,1680.0
684,CNM,CNMCOLBL,Qualquer,38,1680.0
685,CNM,CNMCOLBL,Qualquer,39,1680.0
686,CNM,CNMCOLBL,Qualquer,40,1008.0
687,CNM,CNMCOLBL,Qualquer,41,1680.0
688,CNM,CNMCOLBL,Qualquer,42,1680.0
689,CNM,CNMCOLBL,Qualquer,43,1680.0
690,CNM,CNMCOLBL,Qualquer,44,1344.0
691,CNM,CNMCOLBL,Qualquer,45,1680.0
692,CNM,CNMCOLBL,Qualquer,46,1680.0
693,CNM,CNMCOLBL,Qualquer,47,1680.0
694,CNM,CNMCOLBL,Qualquer,48,1344.0
695,CNM,CNMCOLBL,Qualquer,49,1680.0
696,CNM,CNMCOLBL,Qualquer,50,1680.0
697,CNM,CNMCOLBL,Qualquer,51,1680.0
698,CNM,CNMCOLBL,Qualquer,52,1344.0
699,CNM,CNMCOLBL,Qualquer,53,1680.0
700,CNM,CNMLAMLX,Qualquer,29,4785.0
701,CNM,CNMLAMLX,Qualquer,30,4785.0
702,CNM,CNMLAMLX,Qualquer,31,4785.0
703,CNM,CNMLAMLX,Qualquer,32,0.0
704,CNM,CNMLAMLX,Qualquer,33,0.0
705,CNM,CNMLAMLX,Qualquer,34,0.0
706,CNM,CNMLAMLX,Qualquer,35,4785.0
707,CNM,CNMLAMLX,Qualquer,36,4785.0
708,CNM,CNMLAMLX,Qualquer,37,4785.0
709,CNM,CNMLAMLX,Qualquer,38,4785.0
710,CNM,CNMLAMLX,Qualquer,39,4785.0
711,CNM,CNMLAMLX,Qualquer,40,2871.0
712,CNM,CNMLAMLX,Qualquer,41,4785.0
713,CNM,CNMLAMLX,Qualquer,42,4785.0
714,CNM,CNMLAMLX,Qualquer,43,4785.0
715,CNM,CNMLAMLX,Qualquer,44,3828.0
716,CNM,CNMLAMLX,Qualquer,45,4785.0
717,CNM,CNMLAMLX,Qualquer,46,4785.0
718,CNM,CNMLAMLX,Qualquer,47,4785.0
719,CNM,CNMLAMLX,Qualquer,48,3828.0
720,CNM,CNMLAMLX,Qualquer,49,4785.0
721,CNM,CNMLAMLX,Qualquer,50,4785.0
722,CNM,CNMLAMLX,Qualquer,51,4785.0
723,CNM,CNMLAMLX,Qualquer,52,3828.0
724,CNM,CNMLAMLX,Qualquer,53,4785.0
725,CNM,CNMLAMPL,Qualquer,29,19860.0
726,CNM,CNMLAMPL,Qualquer,30,19860.0
727,CNM,CNMLAMPL,Qualquer,31,19860.0
728,CNM,CNMLAMPL,Qualquer,32,0.0
729,CNM,CNMLAMPL,Qualquer,33,0.0
730,CNM,CNMLAMPL,Qualquer,34,0.0
731,CNM,CNMLAMPL,Qualquer,35,19860.0
732,CNM,CNMLAMPL,Qualquer,36,19860.0
733,CNM,CNMLAMPL,Qualquer,37,19860.0
734,CNM,CNMLAMPL,Qualquer,38,19860.0
735,CNM,CNMLAMPL,Qualquer,39,19860.0
736,CNM,CNMLAMPL,Qualquer,40,11916.0
737,CNM,CNMLAMPL,Qualquer,41,19860.0
738,CNM,CNMLAMPL,Qualquer,42,19860.0
739,CNM,CNMLAMPL,Qualquer,43,19860.0
740,CNM,CNMLAMPL,Qualquer,44,15888.0
741,CNM,CNMLAMPL,Qualquer,45,19860.0
742,CNM,CNMLAMPL,Qualquer,46,19860.0
743,CNM,CNMLAMPL,Qualquer,47,19860.0
744,CNM,CNMLAMPL,Qualquer,48,15888.0
745,CNM,CNMLAMPL,Qualquer,49,19860.0
746,CNM,CNMLAMPL,Qualquer,50,19860.0
747,CNM,CNMLAMPL,Qualquer,51,19860.0
748,CNM,CNMLAMPL,Qualquer,52,15888.0
749,CNM,CNMLAMPL,Qualquer,53,19860.0
750,CNM,CNMREBMA,Qualquer,29,5040.0
751,CNM,CNMREBMA,Qualquer,30,5040.0
752,CNM,CNMREBMA,Qualquer,31,5040.0
753,CNM,CNMREBMA,Qualquer,32,0.0
754,CNM,CNMREBMA,Qualquer,33,0.0
755,CNM,CNMREBMA,Qualquer,34,0.0
756,CNM,CNMREBMA,Qualquer,35,5040.0
757,CNM,CNMREBMA,Qualquer,36,5040.0
758,CNM,CNMREBMA,Qualquer,37,5040.0
759,CNM,CNMREBMA,Qualquer,38,5040.0
760,CNM,CNMREBMA,Qualquer,39,5040.0
761,CNM,CNMREBMA,Qualquer,40,3024.0
762,CNM,CNMREBMA,Qualquer,41,5040.0
763,CNM,CNMREBMA,Qualquer,42,5040.0
764,CNM,CNMREBMA,Qualquer,43,5040.0
765,CNM,CNMREBMA,Qualquer,44,4032.0
766,CNM,CNMREBMA,Qualquer,45,5040.0
767,CNM,CNMREBMA,Qualquer,46,5040.0
768,CNM,CNMREBMA,Qualquer,47,5040.0
769,CNM,CNMREBMA,Qualquer,48,4032.0
770,CNM,CNMREBMA,Qualquer,49,5040.0
771,CNM,CNMREBMA,Qualquer,50,5040.0
772,CNM,CNMREBMA,Qualquer,51,5040.0
773,CNM,CNMREBMA,Qualquer,52,4032.0
774,CNM,CNMREBMA,Qualquer,53,5040.0
775,CNM,CNMRETBL,Qualquer,29,5160.0
776,CNM,CNMRETBL,Qualquer,30,5160.0
777,CNM,CNMRETBL,Qualquer,31,5160.0
778,CNM,CNMRETBL,Qualquer,32,0.0
779,CNM,CNMRETBL,Qualquer,33,0.0
780,CNM,CNMRETBL,Qualquer,34,0.0
781,CNM,CNMRETBL,Qualquer,35,5160.0
782,CNM,CNMRETBL,Qualquer,36,5160.0
783,CNM,CNMRETBL,Qualquer,37,5160.0
784,CNM,CNMRETBL,Qualquer,38,5160.0
785,CNM,CNMRETBL,Qualquer,39,5160.0
786,CNM,CNMRETBL,Qualquer,40,3096.0
787,CNM,CNMRETBL,Qualquer,41,5160.0
788,CNM,CNMRETBL,Qualquer,42,5160.0
789,CNM,CNMRETBL,Qualquer,43,5160.0
790,CNM,CNMRETBL,Qualquer,44,4128.0
791,CNM,CNMRETBL,Qualquer,45,5160.0
792,CNM,CNMRETBL,Qualquer,46,5160.0
793,CNM,CNMRETBL,Qualquer,47,5160.0
794,CNM,CNMRETBL,Qualquer,48,4128.0
795,CNM,CNMRETBL,Qualquer,49,5160.0
796,CNM,CNMRETBL,Qualquer,50,5160.0
797,CNM,CNMRETBL,Qualquer,51,5160.0
798,CNM,CNMRETBL,Qualquer,52,4128.0
799,CNM,CNMRETBL,Qualquer,53,5160.0
800,CNM,CNMSERPL,Qualquer,29,4095.0
801,CNM,CNMSERPL,Qualquer,30,4095.0
802,CNM,CNMSERPL,Qualquer,31,4095.0
803,CNM,CNMSERPL,Qualquer,32,0.0
804,CNM,CNMSERPL,Qualquer,33,0.0
805,CNM,CNMSERPL,Qualquer,34,0.0
806,CNM,CNMSERPL,Qualquer,35,4095.0
807,CNM,CNMSERPL,Qualquer,36,4095.0
808,CNM,CNMSERPL,Qualquer,37,4095.0
809,CNM,CNMSERPL,Qualquer,38,4095.0
810,CNM,CNMSERPL,Qualquer,39,4095.0
811,CNM,CNMSERPL,Qualquer,40,2457.0
812,CNM,CNMSERPL,Qualquer,41,4095.0
813,CNM,CNMSERPL,Qualquer,42,4095.0
814,CNM,CNMSERPL,Qualquer,43,4095.0
815,CNM,CNMSERPL,Qualquer,44,3276.0
816,CNM,CNMSERPL,Qualquer,45,4095.0
817,CNM,CNMSERPL,Qualquer,46,4095.0
818,CNM,CNMSERPL,Qualquer,47,4095.0
819,CNM,CNMSERPL,Qualquer,48,3276.0
820,CNM,CNMSERPL,Qualquer,49,4095.0
821,CNM,CNMSERPL,Qualquer,50,4095.0
822,CNM,CNMSERPL,Qualquer,51,4095.0
823,CNM,CNMSERPL,Qualquer,52,3276.0
824,CNM,CNMSERPL,Qualquer,53,4095.0
825,CNM,CNMSHT01,Qualquer,29,3150.0
826,CNM,CNMSHT01,Qualquer,30,3150.0
827,CNM,CNMSHT01,Qualquer,31,3150.0
828,CNM,CNMSHT01,Qualquer,32,0.0
829,CNM,CNMSHT01,Qualquer,33,0.0
830,CNM,CNMSHT01,Qualquer,34,0.0
831,CNM,CNMSHT01,Qualquer,35,3150.0
832,CNM,CNMSHT01,Qualquer,36,3150.0
833,CNM,CNMSHT01,Qualquer,37,3150.0
834,CNM,CNMSHT01,Qualquer,38,3150.0
835,CNM,CNMSHT01,Qualquer,39,3150.0
836,CNM,CNMSHT01,Qualquer,40,1890.0
837,CNM,CNMSHT01,Qualquer,41,3150.0
838,CNM,CNMSHT01,Qualquer,42,3150.0
839,CNM,CNMSHT01,Qualquer,43,3150.0
840,CNM,CNMSHT01,Qualquer,44,2520.0
841,CNM,CNMSHT01,Qualquer,45,3150.0
842,CNM,CNMSHT01,Qualquer,46,3150.0
843,CNM,CNMSHT01,Qualquer,47,3150.0
844,CNM,CNMSHT01,Qualquer,48,2520.0
845,CNM,CNMSHT01,Qualquer,49,3150.0
846,CNM,CNMSHT01,Qualquer,50,3150.0
847,CNM,CNMSHT01,Qualquer,51,3150.0
848,CNM,CNMSHT01,Qualquer,52,2520.0
849,CNM,CNMSHT01,Qualquer,53,3150.0
850,CNM,CNMSHT02,Qualquer,29,3150.0
851,CNM,CNMSHT02,Qualquer,30,3150.0
852,CNM,CNMSHT02,Qualquer,31,3150.0
853,CNM,CNMSHT02,Qualquer,32,0.0
854,CNM,CNMSHT02,Qualquer,33,0.0
855,CNM,CNMSHT02,Qualquer,34,0.0
856,CNM,CNMSHT02,Qualquer,35,3150.0
857,CNM,CNMSHT02,Qualquer,36,3150.0
858,CNM,CNMSHT02,Qualquer,37,3150.0
859,CNM,CNMSHT02,Qualquer,38,3150.0
860,CNM,CNMSHT02,Qualquer,39,3150.0
861,CNM,CNMSHT02,Qualquer,40,1890.0
862,CNM,CNMSHT02,Qualquer,41,3150.0
863,CNM,CNMSHT02,Qualquer,42,3150.0
864,CNM,CNMSHT02,Qualquer,43,3150.0
865,CNM,CNMSHT02,Qualquer,44,2520.0
866,CNM,CNMSHT02,Qualquer,45,3150.0
867,CNM,CNMSHT02,Qualquer,46,3150.0
868,CNM,CNMSHT02,Qualquer,47,3150.0
869,CNM,CNMSHT02,Qualquer,48,2520.0
870,CNM,CNMSHT02,Qualquer,49,3150.0
871,CNM,CNMSHT02,Qualquer,50,3150.0
872,CNM,CNMSHT02,Qualquer,51,3150.0
873,CNM,CNMSHT02,Qualquer,52,2520.0
874,CNM,CNMSHT02,Qualquer,53,3150.0
875,CNM,CNMLAMPL,Printing,29,3310.0
876,CNM,CNMLAMPL,Printing,30,3310.0
877,CNM,CNMLAMPL,Printing,31,3310.0
878,CNM,CNMLAMPL,Printing,32,0.0
879,CNM,CNMLAMPL,Printing,33,0.0
880,CNM,CNMLAMPL,Printing,34,0.0
881,CNM,CNMLAMPL,Printing,35,3310.0
882,CNM,CNMLAMPL,Printing,36,3310.0
883,CNM,CNMLAMPL,Printing,37,3310.0
884,CNM,CNMLAMPL,Printing,38,3310.0
885,CNM,CNMLAMPL,Printing,39,3310.0
886,CNM,CNMLAMPL,Printing,40,1986.0
887,CNM,CNMLAMPL,Printing,41,3310.0
888,CNM,CNMLAMPL,Printing,42,3310.0
889,CNM,CNMLAMPL,Printing,43,3310.0
890,CNM,CNMLAMPL,Printing,44,2648.0
891,CNM,CNMLAMPL,Printing,45,3310.0
892,CNM,CNMLAMPL,Printing,46,3310.0
893,CNM,CNMLAMPL,Printing,47,3310.0
894,CNM,CNMLAMPL,Printing,48,2648.0
895,CNM,CNMLAMPL,Printing,49,3310.0
896,CNM,CNMLAMPL,Printing,50,3310.0
897,CNM,CNMLAMPL,Printing,51,3310.0
898,CNM,CNMLAMPL,Printing,52,2648.0
899,CNM,CNMLAMPL,Printing,53,3310.0
900,CNM,CNMLAMPL,E01,29,3310.0
901,CNM,CNMLAMPL,E01,30,3310.0
902,CNM,CNMLAMPL,E01,31,3310.0
903,CNM,CNMLAMPL,E01,32,0.0
904,CNM,CNMLAMPL,E01,33,0.0
905,CNM,CNMLAMPL,E01,34,0.0
906,CNM,CNMLAMPL,E01,35,3310.0
907,CNM,CNMLAMPL,E01,36,3310.0
908,CNM,CNMLAMPL,E01,37,3310.0
909,CNM,CNMLAMPL,E01,38,3310.0
910,CNM,CNMLAMPL,E01,39,3310.0
911,CNM,CNMLAMPL,E01,40,1986.0
912,CNM,CNMLAMPL,E01,41,3310.0
913,CNM,CNMLAMPL,E01,42,3310.0
914,CNM,CNMLAMPL,E01,43,3310.0
915,CNM,CNMLAMPL,E01,44,2648.0
916,CNM,CNMLAMPL,E01,45,3310.0
917,CNM,CNMLAMPL,E01,46,3310.0
918,CNM,CNMLAMPL,E01,47,3310.0
919,CNM,CNMLAMPL,E01,48,2648.0
920,CNM,CNMLAMPL,E01,49,3310.0
921,CNM,CNMLAMPL,E01,50,3310.0
922,CNM,CNMLAMPL,E01,51,3310.0
923,CNM,CNMLAMPL,E01,52,2648.0
924,CNM,CNMLAMPL,E01,53,3310.0
925,CRM,CRMLAMRL,Qualquer,29,21840.0
926,CRM,CRMLAMRL,Qualquer,30,21840.0
927,CRM,CRMLAMRL,Qualquer,31,21840.0
928,CRM,CRMLAMRL,Qualquer,32,0.0
929,CRM,CRMLAMRL,Qualquer,33,0.0
930,CRM,CRMLAMRL,Qualquer,34,0.0
931,CRM,CRMLAMRL,Qualquer,35,21840.0
932,CRM,CRMLAMRL,Qualquer,36,21840.0
933,CRM,CRMLAMRL,Qualquer,37,21840.0
934,CRM,CRMLAMRL,Qualquer,38,21840.0
935,CRM,CRMLAMRL,Qualquer,39,21840.0
936,CRM,CRMLAMRL,Qualquer,40,13104.0
937,CRM,CRMLAMRL,Qualquer,41,21840.0
938,CRM,CRMLAMRL,Qualquer,42,21840.0
939,CRM,CRMLAMRL,Qualquer,43,21840.0
940,CRM,CRMLAMRL,Qualquer,44,17472.0
941,CRM,CRMLAMRL,Qualquer,45,21840.0
942,CRM,CRMLAMRL,Qualquer,46,21840.0
943,CRM,CRMLAMRL,Qualquer,47,21840.0
944,CRM,CRMLAMRL,Qualquer,48,17472.0
945,CRM,CRMLAMRL,Qualquer,49,21840.0
946,CRM,CRMLAMRL,Qualquer,50,21840.0
947,CRM,CRMLAMRL,Qualquer,51,21840.0
948,CRM,CRMLAMRL,Qualquer,52,17472.0
949,CRM,CRMLAMRL,Qualquer,53,21840.0
950,CRM,CRMRLMEI,Qualquer,29,20160.0
951,CRM,CRMRLMEI,Qualquer,30,20160.0
952,CRM,CRMRLMEI,Qualquer,31,20160.0
953,CRM,CRMRLMEI,Qualquer,32,0.0
954,CRM,CRMRLMEI,Qualquer,33,0.0
955,CRM,CRMRLMEI,Qualquer,34,0.0
956,CRM,CRMRLMEI,Qualquer,35,20160.0
957,CRM,CRMRLMEI,Qualquer,36,20160.0
958,CRM,CRMRLMEI,Qualquer,37,20160.0
959,CRM,CRMRLMEI,Qualquer,38,20160.0
960,CRM,CRMRLMEI,Qualquer,39,20160.0
961,CRM,CRMRLMEI,Qualquer,40,12096.0
962,CRM,CRMRLMEI,Qualquer,41,20160.0
963,CRM,CRMRLMEI,Qualquer,42,20160.0
964,CRM,CRMRLMEI,Qualquer,43,20160.0
965,CRM,CRMRLMEI,Qualquer,44,16128.0
966,CRM,CRMRLMEI,Qualquer,45,20160.0
967,CRM,CRMRLMEI,Qualquer,46,20160.0
968,CRM,CRMRLMEI,Qualquer,47,20160.0
969,CRM,CRMRLMEI,Qualquer,48,16128.0
970,CRM,CRMRLMEI,Qualquer,49,20160.0
971,CRM,CRMRLMEI,Qualquer,50,20160.0
972,CRM,CRMRLMEI,Qualquer,51,20160.0
973,CRM,CRMRLMEI,Qualquer,52,16128.0
974,CRM,CRMRLMEI,Qualquer,53,20160.0
975,CRM,CRMVSMRL,Qualquer,29,3024.0
976,CRM,CRMVSMRL,Qualquer,30,3024.0
977,CRM,CRMVSMRL,Qualquer,31,3024.0
978,CRM,CRMVSMRL,Qualquer,32,0.0
979,CRM,CRMVSMRL,Qualquer,33,0.0
980,CRM,CRMVSMRL,Qualquer,34,0.0
981,CRM,CRMVSMRL,Qualquer,35,3024.0
982,CRM,CRMVSMRL,Qualquer,36,3024.0
983,CRM,CRMVSMRL,Qualquer,37,3024.0
984,CRM,CRMVSMRL,Qualquer,38,3024.0
985,CRM,CRMVSMRL,Qualquer,39,3024.0
986,CRM,CRMVSMRL,Qualquer,40,1814.4
987,CRM,CRMVSMRL,Qualquer,41,3024.0
988,CRM,CRMVSMRL,Qualquer,42,3024.0
989,CRM,CRMVSMRL,Qualquer,43,3024.0
990,CRM,CRMVSMRL,Qualquer,44,2419.2000000000003
991,CRM,CRMVSMRL,Qualquer,45,3024.0
992,CRM,CRMVSMRL,Qualquer,46,3024.0
993,CRM,CRMVSMRL,Qualquer,47,3024.0
994,CRM,CRMVSMRL,Qualquer,48,2419.2000000000003
995,CRM,CRMVSMRL,Qualquer,49,3024.0
996,CRM,CRMVSMRL,Qualquer,50,3024.0
997,CRM,CRMVSMRL,Qualquer,51,3024.0
998,CRM,CRMVSMRL,Qualquer,52,2419.2000000000003
999,CRM,CRMVSMRL,Qualquer,53,3024.0
1000,CRM,CRMDIV01,Qualquer,29,5040.0
1001,CRM,CRMDIV01,Qualquer,30,5040.0
1002,CRM,CRMDIV01,Qualquer,31,5040.0
1003,CRM,CRMDIV01,Qualquer,32,0.0
1004,CRM,CRMDIV01,Qualquer,33,0.0
1005,CRM,CRMDIV01,Qualquer,34,0.0
1006,CRM,CRMDIV01,Qualquer,35,5040.0
1007,CRM,CRMDIV01,Qualquer,36,5040.0
1008,CRM,CRMDIV01,Qualquer,37,5040.0
1009,CRM,CRMDIV01,Qualquer,38,5040.0
1010,CRM,CRMDIV01,Qualquer,39,5040.0
1011,CRM,CRMDIV01,Qualquer,40,3024.0
1012,CRM,CRMDIV01,Qualquer,41,5040.0
1013,CRM,CRMDIV01,Qualquer,42,5040.0
1014,CRM,CRMDIV01,Qualquer,43,5040.0
1015,CRM,CRMDIV01,Qualquer,44,4032.0
1016,CRM,CRMDIV01,Qualquer,45,5040.0
1017,CRM,CRMDIV01,Qualquer,46,5040.0
1018,CRM,CRMDIV01,Qualquer,47,5040.0
1019,CRM,CRMDIV01,Qualquer,48,4032.0
1020,CRM,CRMDIV01,Qualquer,49,5040.0
1021,CRM,CRMDIV01,Qualquer,50,5040.0
1022,CRM,CRMDIV01,Qualquer,51,5040.0
1023,CRM,CRMDIV01,Qualquer,52,4032.0
1024,CRM,CRMDIV01,Qualquer,53,5040.0
1025,CRM,CRMLAMPL,Qualquer,29,16610.0
1026,CRM,CRMLAMPL,Qualquer,30,16610.0
1027,CRM,CRMLAMPL,Qualquer,31,16610.0
1028,CRM,CRMLAMPL,Qualquer,32,0.0
1029,CRM,CRMLAMPL,Qualquer,33,0.0
1030,CRM,CRMLAMPL,Qualquer,34,0.0
1031,CRM,CRMLAMPL,Qualquer,35,16610.0
1032,CRM,CRMLAMPL,Qualquer,36,16610.0
1033,CRM,CRMLAMPL,Qualquer,37,16610.0
1034,CRM,CRMLAMPL,Qualquer,38,16610.0
1035,CRM,CRMLAMPL,Qualquer,39,16610.0
1036,CRM,CRMLAMPL,Qualquer,40,9966.0
1037,CRM,CRMLAMPL,Qualquer,41,16610.0
1038,CRM,CRMLAMPL,Qualquer,42,16610.0
1039,CRM,CRMLAMPL,Qualquer,43,16610.0
1040,CRM,CRMLAMPL,Qualquer,44,13288.0
1041,CRM,CRMLAMPL,Qualquer,45,16610.0
1042,CRM,CRMLAMPL,Qualquer,46,16610.0
1043,CRM,CRMLAMPL,Qualquer,47,16610.0
1044,CRM,CRMLAMPL,Qualquer,48,13288.0
1045,CRM,CRMLAMPL,Qualquer,49,16610.0
1046,CRM,CRMLAMPL,Qualquer,50,16610.0
1047,CRM,CRMLAMPL,Qualquer,51,16610.0
1048,CRM,CRMLAMPL,Qualquer,52,13288.0
1049,CRM,CRMLAMPL,Qualquer,53,16610.0
1050,CRM,CRMLAMPL,Printing,29,4530.0
1051,CRM,CRMLAMPL,Printing,30,4530.0
1052,CRM,CRMLAMPL,Printing,31,4530.0
1053,CRM,CRMLAMPL,Printing,32,0.0
1054,CRM,CRMLAMPL,Printing,33,0.0
1055,CRM,CRMLAMPL,Printing,34,0.0
1056,CRM,CRMLAMPL,Printing,35,4530.0
1057,CRM,CRMLAMPL,Printing,36,4530.0
1058,CRM,CRMLAMPL,Printing,37,4530.0
1059,CRM,CRMLAMPL,Printing,38,4530.0
1060,CRM,CRMLAMPL,Printing,39,4530.0
1061,CRM,CRMLAMPL,Printing,40,2718.0
1062,CRM,CRMLAMPL,Printing,41,4530.0
1063,CRM,CRMLAMPL,Printing,42,4530.0
1064,CRM,CRMLAMPL,Printing,43,4530.0
1065,CRM,CRMLAMPL,Printing,44,3624.0
1066,CRM,CRMLAMPL,Printing,45,4530.0
1067,CRM,CRMLAMPL,Printing,46,4530.0
1068,CRM,CRMLAMPL,Printing,47,4530.0
1069,CRM,CRMLAMPL,Printing,48,3624.0
1070,CRM,CRMLAMPL,Printing,49,4530.0
1071,CRM,CRMLAMPL,Printing,50,4530.0
1072,CRM,CRMLAMPL,Printing,51,4530.0
1073,CRM,CRMLAMPL,Printing,52,3624.0
1074,CRM,CRMLAMPL,Printing,53,4530.0
1075,CRM,CRMSER19,Qualquer,29,4095.0
1076,CRM,CRMSER19,Qualquer,30,4095.0
1077,CRM,CRMSER19,Qualquer,31,4095.0
1078,CRM,CRMSER19,Qualquer,32,0.0
1079,CRM,CRMSER19,Qualquer,33,0.0
1080,CRM,CRMSER19,Qualquer,34,0.0
1081,CRM,CRMSER19,Qualquer,35,4095.0
1082,CRM,CRMSER19,Qualquer,36,4095.0
1083,CRM,CRMSER19,Qualquer,37,4095.0
1084,CRM,CRMSER19,Qualquer,38,4095.0
1085,CRM,CRMSER19,Qualquer,39,4095.0
1086,CRM,CRMSER19,Qualquer,40,2457.0
1087,CRM,CRMSER19,Qualquer,41,4095.0
1088,CRM,CRMSER19,Qualquer,42,4095.0
1089,CRM,CRMSER19,Qualquer,43,4095.0
1090,CRM,CRMSER19,Qualquer,44,3276.0
1091,CRM,CRMSER19,Qualquer,45,4095.0
1092,CRM,CRMSER19,Qualquer,46,4095.0
1093,CRM,CRMSER19,Qualquer,47,4095.0
1094,CRM,CRMSER19,Qualquer,48,3276.0
1095,CRM,CRMSER19,Qualquer,49,4095.0
1096,CRM,CRMSER19,Qualquer,50,4095.0
1097,CRM,CRMSER19,Qualquer,51,4095.0
1098,CRM,CRMSER19,Qualquer,52,3276.0
1099,CRM,CRMSER19,Qualquer,53,4095.0
1100,CRM,CRMCOLQD,Qualquer,29,630.0
1101,CRM,CRMCOLQD,Qualquer,30,630.0
1102,CRM,CRMCOLQD,Qualquer,31,630.0
1103,CRM,CRMCOLQD,Qualquer,32,0.0
1104,CRM,CRMCOLQD,Qualquer,33,0.0
1105,CRM,CRMCOLQD,Qualquer,34,0.0
1106,CRM,CRMCOLQD,Qualquer,35,630.0
1107,CRM,CRMCOLQD,Qualquer,36,630.0
1108,CRM,CRMCOLQD,Qualquer,37,630.0
1109,CRM,CRMCOLQD,Qualquer,38,630.0
1110,CRM,CRMCOLQD,Qualquer,39,630.0
1111,CRM,CRMCOLQD,Qualquer,40,378.0
1112,CRM,CRMCOLQD,Qualquer,41,630.0
1113,CRM,CRMCOLQD,Qualquer,42,630.0
1114,CRM,CRMCOLQD,Qualquer,43,630.0
1115,CRM,CRMCOLQD,Qualquer,44,504.0
1116,CRM,CRMCOLQD,Qualquer,45,630.0
1117,CRM,CRMCOLQD,Qualquer,46,630.0
1118,CRM,CRMCOLQD,Qualquer,47,630.0
1119,CRM,CRMCOLQD,Qualquer,48,504.0
1120,CRM,CRMCOLQD,Qualquer,49,630.0
1121,CRM,CRMCOLQD,Qualquer,50,630.0
1122,CRM,CRMCOLQD,Qualquer,51,630.0
1123,CRM,CRMCOLQD,Qualquer,52,504.0
1124,CRM,CRMCOLQD,Qualquer,53,630.0
1125,CRM,CRMLIXPL,Qualquer,29,1260.0
1126,CRM,CRMLIXPL,Qualquer,30,1260.0
1127,CRM,CRMLIXPL,Qualquer,31,1260.0
1128,CRM,CRMLIXPL,Qualquer,32,0.0
1129,CRM,CRMLIXPL,Qualquer,33,0.0
1130,CRM,CRMLIXPL,Qualquer,34,0.0
1131,CRM,CRMLIXPL,Qualquer,35,1260.0
1132,CRM,CRMLIXPL,Qualquer,36,1260.0
1133,CRM,CRMLIXPL,Qualquer,37,1260.0
1134,CRM,CRMLIXPL,Qualquer,38,1260.0
1135,CRM,CRMLIXPL,Qualquer,39,1260.0
1136,CRM,CRMLIXPL,Qualquer,40,756.0
1137,CRM,CRMLIXPL,Qualquer,41,1260.0
1138,CRM,CRMLIXPL,Qualquer,42,1260.0
1139,CRM,CRMLIXPL,Qualquer,43,1260.0
1140,CRM,CRMLIXPL,Qualquer,44,1008.0
1141,CRM,CRMLIXPL,Qualquer,45,1260.0
1142,CRM,CRMLIXPL,Qualquer,46,1260.0
1143,CRM,CRMLIXPL,Qualquer,47,1260.0
1144,CRM,CRMLIXPL,Qualquer,48,1008.0
1145,CRM,CRMLIXPL,Qualquer,49,1260.0
1146,CRM,CRMLIXPL,Qualquer,50,1260.0
1147,CRM,CRMLIXPL,Qualquer,51,1260.0
1148,CRM,CRMLIXPL,Qualquer,52,1008.0
1149,CRM,CRMLIXPL,Qualquer,53,1260.0
1150,CRM,CRMGUILH,Qualquer,29,1260.0
1151,CRM,CRMGUILH,Qualquer,30,1260.0
1152,CRM,CRMGUILH,Qualquer,31,1260.0
1153,CRM,CRMGUILH,Qualquer,32,0.0
1154,CRM,CRMGUILH,Qualquer,33,0.0
1155,CRM,CRMGUILH,Qualquer,34,0.0
1156,CRM,CRMGUILH,Qualquer,35,1260.0
1157,CRM,CRMGUILH,Qualquer,36,1260.0
1158,CRM,CRMGUILH,Qualquer,37,1260.0
1159,CRM,CRMGUILH,Qualquer,38,1260.0
1160,CRM,CRMGUILH,Qualquer,39,1260.0
1161,CRM,CRMGUILH,Qualquer,40,756.0
1162,CRM,CRMGUILH,Qualquer,41,1260.0
1163,CRM,CRMGUILH,Qualquer,42,1260.0
1164,CRM,CRMGUILH,Qualquer,43,1260.0
1165,CRM,CRMGUILH,Qualquer,44,1008.0
1166,CRM,CRMGUILH,Qualquer,45,1260.0
1167,CRM,CRMGUILH,Qualquer,46,1260.0
1168,CRM,CRMGUILH,Qualquer,47,1260.0
1169,CRM,CRMGUILH,Qualquer,48,1008.0
1170,CRM,CRMGUILH,Qualquer,49,1260.0
1171,CRM,CRMGUILH,Qualquer,50,1260.0
1172,CRM,CRMGUILH,Qualquer,51,1260.0
1173,CRM,CRMGUILH,Qualquer,52,1008.0
1174,CRM,CRMGUILH,Qualquer,53,1260.0
1175,CRM,CRMLAMPL,Manual,29,2940300.0
1176,CRM,CRMLAMPL,Manual,30,2940300.0
1177,CRM,CRMLAMPL,Manual,31,2940300.0
1178,CRM,CRMLAMPL,Manual,32,0.0
1179,CRM,CRMLAMPL,Manual,33,0.0
1180,CRM,CRMLAMPL,Manual,34,0.0
1181,CRM,CRMLAMPL,Manual,35,2940300.0
1182,CRM,CRMLAMPL,Manual,36,2940300.0
1183,CRM,CRMLAMPL,Manual,37,2940300.0
1184,CRM,CRMLAMPL,Manual,38,2940300.0
1185,CRM,CRMLAMPL,Manual,39,2940300.0
1186,CRM,CRMLAMPL,Manual,40,1764180.0
1187,CRM,CRMLAMPL,Manual,41,2940300.0
1188,CRM,CRMLAMPL,Manual,42,2940300.0
1189,CRM,CRMLAMPL,Manual,43,2940300.0
1190,CRM,CRMLAMPL,Manual,44,2352240.0
1191,CRM,CRMLAMPL,Manual,45,2940300.0
1192,CRM,CRMLAMPL,Manual,46,2940300.0
1193,CRM,CRMLAMPL,Manual,47,2940300.0
1194,CRM,CRMLAMPL,Manual,48,2352240.0
1195,CRM,CRMLAMPL,Manual,49,2940300.0
1196,CRM,CRMLAMPL,Manual,50,2940300.0
1197,CRM,CRMLAMPL,Manual,51,2940300.0
1198,CRM,CRMLAMPL,Manual,52,2352240.0
1199,CRM,CRMLAMPL,Manual,53,2940300.0
1200,CNM,CNMVSMEB,Qualquer,29,2940300.0
1201,CNM,CNMVSMEB,Qualquer,30,2940300.0
1202,CNM,CNMVSMEB,Qualquer,31,2940300.0
1203,CNM,CNMVSMEB,Qualquer,32,0.0
1204,CNM,CNMVSMEB,Qualquer,33,0.0
1205,CNM,CNMVSMEB,Qualquer,34,0.0
1206,CNM,CNMVSMEB,Qualquer,35,2940300.0
1207,CNM,CNMVSMEB,Qualquer,36,2940300.0
1208,CNM,CNMVSMEB,Qualquer,37,2940300.0
1209,CNM,CNMVSMEB,Qualquer,38,2940300.0
1210,CNM,CNMVSMEB,Qualquer,39,2940300.0
1211,CNM,CNMVSMEB,Qualquer,40,1764180.0
1212,CNM,CNMVSMEB,Qualquer,41,2940300.0
1213,CNM,CNMVSMEB,Qualquer,42,2940300.0
1214,CNM,CNMVSMEB,Qualquer,43,2940300.0
1215,CNM,CNMVSMEB,Qualquer,44,2352240.0
1216,CNM,CNMVSMEB,Qualquer,45,2940300.0
1217,CNM,CNMVSMEB,Qualquer,46,2940300.0
1218,CNM,CNMVSMEB,Qualquer,47,2940300.0
1219,CNM,CNMVSMEB,Qualquer,48,2352240.0
1220,CNM,CNMVSMEB,Qualquer,49,2940300.0
1221,CNM,CNMVSMEB,Qualquer,50,2940300.0
1222,CNM,CNMVSMEB,Qualquer,51,2940300.0
1223,CNM,CNMVSMEB,Qualquer,52,2352240.0
1224,CNM,CNMVSMEB,Qualquer,53,2940300.0
1225,CNM,CNMEMBMM,Qualquer,29,2940300.0
1226,CNM,CNMEMBMM,Qualquer,30,2940300.0
1227,CNM,CNMEMBMM,Qualquer,31,2940300.0
1228,CNM,CNMEMBMM,Qualquer,32,0.0
1229,CNM,CNMEMBMM,Qualquer,33,0.0
1230,CNM,CNMEMBMM,Qualquer,34,0.0
1231,CNM,CNMEMBMM,Qualquer,35,2940300.0
1232,CNM,CNMEMBMM,Qualquer,36,2940300.0
1233,CNM,CNMEMBMM,Qualquer,37,2940300.0
1234,CNM,CNMEMBMM,Qualquer,38,2940300.0
1235,CNM,CNMEMBMM,Qualquer,39,2940300.0
1236,CNM,CNMEMBMM,Qualquer,40,1764180.0
1237,CNM,CNMEMBMM,Qualquer,41,2940300.0
1238,CNM,CNMEMBMM,Qualquer,42,2940300.0
1239,CNM,CNMEMBMM,Qualquer,43,2940300.0
1240,CNM,CNMEMBMM,Qualquer,44,2352240.0
1241,CNM,CNMEMBMM,Qualquer,45,2940300.0
1242,CNM,CNMEMBMM,Qualquer,46,2940300.0
1243,CNM,CNMEMBMM,Qualquer,47,2940300.0
1244,CNM,CNMEMBMM,Qualquer,48,2352240.0
1245,CNM,CNMEMBMM,Qualquer,49,2940300.0
1246,CNM,CNMEMBMM,Qualquer,50,2940300.0
1247,CNM,CNMEMBMM,Qualquer,51,2940300.0
1248,CNM,CNMEMBMM,Qualquer,52,2352240.0
1249,CNM,CNMEMBMM,Qualquer,53,2940300.0
1250,CNM,CNMLAMMA,Qualquer,29,2940300.0
1251,CNM,CNMLAMMA,Qualquer,30,2940300.0
1252,CNM,CNMLAMMA,Qualquer,31,2940300.0
1253,CNM,CNMLAMMA,Qualquer,32,0.0
1254,CNM,CNMLAMMA,Qualquer,33,0.0
1255,CNM,CNMLAMMA,Qualquer,34,0.0
1256,CNM,CNMLAMMA,Qualquer,35,2940300.0
1257,CNM,CNMLAMMA,Qualquer,36,2940300.0
1258,CNM,CNMLAMMA,Qualquer,37,2940300.0
1259,CNM,CNMLAMMA,Qualquer,38,2940300.0
1260,CNM,CNMLAMMA,Qualquer,39,2940300.0
1261,CNM,CNMLAMMA,Qualquer,40,1764180.0
1262,CNM,CNMLAMMA,Qualquer,41,2940300.0
1263,CNM,CNMLAMMA,Qualquer,42,2940300.0
1264,CNM,CNMLAMMA,Qualquer,43,2940300.0
1265,CNM,CNMLAMMA,Qualquer,44,2352240.0
1266,CNM,CNMLAMMA,Qualquer,45,2940300.0
1267,CNM,CNMLAMMA,Qualquer,46,2940300.0
1268,CNM,CNMLAMMA,Qualquer,47,2940300.0
1269,CNM,CNMLAMMA,Qualquer,48,2352240.0
1270,CNM,CNMLAMMA,Qualquer,49,2940300.0
1271,CNM,CNMLAMMA,Qualquer,50,2940300.0
1272,CNM,CNMLAMMA,Qualquer,51,2940300.0
1273,CNM,CNMLAMMA,Qualquer,52,2352240.0
1274,CNM,CNMLAMMA,Qualquer,53,2940300.0
1275,CNM,CNMEMBMA,Qualquer,29,2940300.0
1276,CNM,CNMEMBMA,Qualquer,30,2940300.0
1277,CNM,CNMEMBMA,Qualquer,31,2940300.0
1278,CNM,CNMEMBMA,Qualquer,32,0.0
1279,CNM,CNMEMBMA,Qualquer,33,0.0
1280,CNM,CNMEMBMA,Qualquer,34,0.0
1281,CNM,CNMEMBMA,Qualquer,35,2940300.0
1282,CNM,CNMEMBMA,Qualquer,36,2940300.0
1283,CNM,CNMEMBMA,Qualquer,37,2940300.0
1284,CNM,CNMEMBMA,Qualquer,38,2940300.0
1285,CNM,CNMEMBMA,Qualquer,39,2940300.0
1286,CNM,CNMEMBMA,Qualquer,40,1764180.0
1287,CNM,CNMEMBMA,Qualquer,41,2940300.0
1288,CNM,CNMEMBMA,Qualquer,42,2940300.0
1289,CNM,CNMEMBMA,Qualquer,43,2940300.0
1290,CNM,CNMEMBMA,Qualquer,44,2352240.0
1291,CNM,CNMEMBMA,Qualquer,45,2940300.0
1292,CNM,CNMEMBMA,Qualquer,46,2940300.0
1293,CNM,CNMEMBMA,Qualquer,47,2940300.0
1294,CNM,CNMEMBMA,Qualquer,48,2352240.0
1295,CNM,CNMEMBMA,Qualquer,49,2940300.0
1296,CNM,CNMEMBMA,Qualquer,50,2940300.0
1297,CNM,CNMEMBMA,Qualquer,51,2940300.0
1298,CNM,CNMEMBMA,Qualquer,52,2352240.0
1299,CNM,CNMEMBMA,Qualquer,53,2940300.0
1300,CNM,CNMREBMN,Qualquer,29,2940300.0
1301,CNM,CNMREBMN,Qualquer,30,2940300.0
1302,CNM,CNMREBMN,Qualquer,31,2940300.0
1303,CNM,CNMREBMN,Qualquer,32,0.0
1304,CNM,CNMREBMN,Qualquer,33,0.0
1305,CNM,CNMREBMN,Qualquer,34,0.0
1306,CNM,CNMREBMN,Qualquer,35,2940300.0
1307,CNM,CNMREBMN,Qualquer,36,2940300.0
1308,CNM,CNMREBMN,Qualquer,37,2940300.0
1309,CNM,CNMREBMN,Qualquer,38,2940300.0
1310,CNM,CNMREBMN,Qualquer,39,2940300.0
1311,CNM,CNMREBMN,Qualquer,40,1764180.0
1312,CNM,CNMREBMN,Qualquer,41,2940300.0
1313,CNM,CNMREBMN,Qualquer,42,2940300.0
1314,CNM,CNMREBMN,Qualquer,43,2940300.0
1315,CNM,CNMREBMN,Qualquer,44,2352240.0
1316,CNM,CNMREBMN,Qualquer,45,2940300.0
1317,CNM,CNMREBMN,Qualquer,46,2940300.0
1318,CNM,CNMREBMN,Qualquer,47,2940300.0
1319,CNM,CNMREBMN,Qualquer,48,2352240.0
1320,CNM,CNMREBMN,Qualquer,49,2940300.0
1321,CNM,CNMREBMN,Qualquer,50,2940300.0
1322,CNM,CNMREBMN,Qualquer,51,2940300.0
1323,CNM,CNMREBMN,Qualquer,52,2352240.0
1324,CNM,CNMREBMN,Qualquer,53,2940300.0
1325,CNM,CNMEMBRL,Qualquer,29,2940300.0
1326,CNM,CNMEMBRL,Qualquer,30,2940300.0
1327,CNM,CNMEMBRL,Qualquer,31,2940300.0
1328,CNM,CNMEMBRL,Qualquer,32,0.0
1329,CNM,CNMEMBRL,Qualquer,33,0.0
1330,CNM,CNMEMBRL,Qualquer,34,0.0
1331,CNM,CNMEMBRL,Qualquer,35,2940300.0
1332,CNM,CNMEMBRL,Qualquer,36,2940300.0
1333,CNM,CNMEMBRL,Qualquer,37,2940300.0
1334,CNM,CNMEMBRL,Qualquer,38,2940300.0
1335,CNM,CNMEMBRL,Qualquer,39,2940300.0
1336,CNM,CNMEMBRL,Qualquer,40,1764180.0
1337,CNM,CNMEMBRL,Qualquer,41,2940300.0
1338,CNM,CNMEMBRL,Qualquer,42,2940300.0
1339,CNM,CNMEMBRL,Qualquer,43,2940300.0
1340,CNM,CNMEMBRL,Qualquer,44,2352240.0
1341,CNM,CNMEMBRL,Qualquer,45,2940300.0
1342,CNM,CNMEMBRL,Qualquer,46,2940300.0
1343,CNM,CNMEMBRL,Qualquer,47,2940300.0
1344,CNM,CNMEMBRL,Qualquer,48,2352240.0
1345,CNM,CNMEMBRL,Qualquer,49,2940300.0
1346,CNM,CNMEMBRL,Qualquer,50,2940300.0
1347,CNM,CNMEMBRL,Qualquer,51,2940300.0
1348,CNM,CNMEMBRL,Qualquer,52,2352240.0
1349,CNM,CNMEMBRL,Qualquer,53,2940300.0
1350,CRM,CRMEMBPL,Qualquer,29,2940300.0
1351,CRM,CRMEMBPL,Qualquer,30,2940300.0
1352,CRM,CRMEMBPL,Qualquer,31,2940300.0
1353,CRM,CRMEMBPL,Qualquer,32,0.0
1354,CRM,CRMEMBPL,Qualquer,33,0.0
1355,CRM,CRMEMBPL,Qualquer,34,0.0
1356,CRM,CRMEMBPL,Qualquer,35,2940300.0
1357,CRM,CRMEMBPL,Qualquer,36,2940300.0
1358,CRM,CRMEMBPL,Qualquer,37,2940300.0
1359,CRM,CRMEMBPL,Qualquer,38,2940300.0
1360,CRM,CRMEMBPL,Qualquer,39,2940300.0
1361,CRM,CRMEMBPL,Qualquer,40,1764180.0
1362,CRM,CRMEMBPL,Qualquer,41,2940300.0
1363,CRM,CRMEMBPL,Qualquer,42,2940300.0
1364,CRM,CRMEMBPL,Qualquer,43,2940300.0
1365,CRM,CRMEMBPL,Qualquer,44,2352240.0
1366,CRM,CRMEMBPL,Qualquer,45,2940300.0
1367,CRM,CRMEMBPL,Qualquer,46,2940300.0
1368,CRM,CRMEMBPL,Qualquer,47,2940300.0
1369,CRM,CRMEMBPL,Qualquer,48,2352240.0
1370,CRM,CRMEMBPL,Qualquer,49,2940300.0
1371,CRM,CRMEMBPL,Qualquer,50,2940300.0
1372,CRM,CRMEMBPL,Qualquer,51,2940300.0
1373,CRM,CRMEMBPL,Qualquer,52,2352240.0
1374,CRM,CRMEMBPL,Qualquer,53,2940300.0
1375,CNM,CNMLAMRL,Qualquer,29,16620.0
1376,CNM,CNMLAMRL,Qualquer,30,16620.0
1377,CNM,CNMLAMRL,Qualquer,31,16620.0
1378,CNM,CNMLAMRL,Qualquer,32,0.0
1379,CNM,CNMLAMRL,Qualquer,33,0.0
1380,CNM,CNMLAMRL,Qualquer,34,0.0
1381,CNM,CNMLAMRL,Qualquer,35,16620.0
1382,CNM,CNMLAMRL,Qualquer,36,16620.0
1383,CNM,CNMLAMRL,Qualquer,37,16620.0
1384,CNM,CNMLAMRL,Qualquer,38,16620.0
1385,CNM,CNMLAMRL,Qualquer,39,16620.0
1386,CNM,CNMLAMRL,Qualquer,40,9972.0
1387,CNM,CNMLAMRL,Qualquer,41,16620.0
1388,CNM,CNMLAMRL,Qualquer,42,16620.0
1389,CNM,CNMLAMRL,Qualquer,43,16620.0
1390,CNM,CNMLAMRL,Qualquer,44,13296.0
1391,CNM,CNMLAMRL,Qualquer,45,16620.0
1392,CNM,CNMLAMRL,Qualquer,46,16620.0
1393,CNM,CNMLAMRL,Qualquer,47,16620.0
1394,CNM,CNMLAMRL,Qualquer,48,13296.0
1395,CNM,CNMLAMRL,Qualquer,49,16620.0
1396,CNM,CNMLAMRL,Qualquer,50,16620.0
1397,CNM,CNMLAMRL,Qualquer,51,16620.0
1398,CNM,CNMLAMRL,Qualquer,52,13296.0
1399,CNM,CNMLAMRL,Qualquer,53,16620.0
1400,CNM,CNMVSMRL,Qualquer,29,4020.0
1401,CNM,CNMVSMRL,Qualquer,30,4020.0
1402,CNM,CNMVSMRL,Qualquer,31,4020.0
1403,CNM,CNMVSMRL,Qualquer,32,0.0
1404,CNM,CNMVSMRL,Qualquer,33,0.0
1405,CNM,CNMVSMRL,Qualquer,34,0.0
1406,CNM,CNMVSMRL,Qualquer,35,4020.0
1407,CNM,CNMVSMRL,Qualquer,36,4020.0
1408,CNM,CNMVSMRL,Qualquer,37,4020.0
1409,CNM,CNMVSMRL,Qualquer,38,4020.0
1410,CNM,CNMVSMRL,Qualquer,39,4020.0
1411,CNM,CNMVSMRL,Qualquer,40,2412.0
1412,CNM,CNMVSMRL,Qualquer,41,4020.0
1413,CNM,CNMVSMRL,Qualquer,42,4020.0
1414,CNM,CNMVSMRL,Qualquer,43,4020.0
1415,CNM,CNMVSMRL,Qualquer,44,3216.0
1416,CNM,CNMVSMRL,Qualquer,45,4020.0
1417,CNM,CNMVSMRL,Qualquer,46,4020.0
1418,CNM,CNMVSMRL,Qualquer,47,4020.0
1419,CNM,CNMVSMRL,Qualquer,48,3216.0
1420,CNM,CNMVSMRL,Qualquer,49,4020.0
1421,CNM,CNMVSMRL,Qualquer,50,4020.0
1422,CNM,CNMVSMRL,Qualquer,51,4020.0
1423,CNM,CNMVSMRL,Qualquer,52,3216.0
1424,CNM,CNMVSMRL,Qualquer,53,4020.0
1425,CNM,CNMLAMMM,Qualquer,29,6300.0
1426,CNM,CNMLAMMM,Qualquer,30,6300.0
1427,CNM,CNMLAMMM,Qualquer,31,6300.0
1428,CNM,CNMLAMMM,Qualquer,32,0.0
1429,CNM,CNMLAMMM,Qualquer,33,0.0
1430,CNM,CNMLAMMM,Qualquer,34,0.0
1431,CNM,CNMLAMMM,Qualquer,35,6300.0
1432,CNM,CNMLAMMM,Qualquer,36,6300.0
1433,CNM,CNMLAMMM,Qualquer,37,6300.0
1434,CNM,CNMLAMMM,Qualquer,38,6300.0
1435,CNM,CNMLAMMM,Qualquer,39,6300.0
1436,CNM,CNMLAMMM,Qualquer,40,3780.0
1437,CNM,CNMLAMMM,Qualquer,41,6300.0
1438,CNM,CNMLAMMM,Qualquer,42,6300.0
1439,CNM,CNMLAMMM,Qualquer,43,6300.0
1440,CNM,CNMLAMMM,Qualquer,44,5040.0
1441,CNM,CNMLAMMM,Qualquer,45,6300.0
1442,CNM,CNMLAMMM,Qualquer,46,6300.0
1443,CNM,CNMLAMMM,Qualquer,47,6300.0
1444,CNM,CNMLAMMM,Qualquer,48,5040.0
1445,CNM,CNMLAMMM,Qualquer,49,6300.0
1446,CNM,CNMLAMMM,Qualquer,50,6300.0
1447,CNM,CNMLAMMM,Qualquer,51,6300.0
1448,CNM,CNMLAMMM,Qualquer,52,5040.0
1449,CNM,CNMLAMMM,Qualquer,53,6300.0
1450,CNM,CNMREBMM,Qualquer,29,5040.0
1451,CNM,CNMREBMM,Qualquer,30,5040.0
1452,CNM,CNMREBMM,Qualquer,31,5040.0
1453,CNM,CNMREBMM,Qualquer,32,0.0
1454,CNM,CNMREBMM,Qualquer,33,0.0
1455,CNM,CNMREBMM,Qualquer,34,0.0
1456,CNM,CNMREBMM,Qualquer,35,5040.0
1457,CNM,CNMREBMM,Qualquer,36,5040.0
1458,CNM,CNMREBMM,Qualquer,37,5040.0
1459,CNM,CNMREBMM,Qualquer,38,5040.0
1460,CNM,CNMREBMM,Qualquer,39,5040.0
1461,CNM,CNMREBMM,Qualquer,40,3024.0
1462,CNM,CNMREBMM,Qualquer,41,5040.0
1463,CNM,CNMREBMM,Qualquer,42,5040.0
1464,CNM,CNMREBMM,Qualquer,43,5040.0
1465,CNM,CNMREBMM,Qualquer,44,4032.0
1466,CNM,CNMREBMM,Qualquer,45,5040.0
1467,CNM,CNMREBMM,Qualquer,46,5040.0
1468,CNM,CNMREBMM,Qualquer,47,5040.0
1469,CNM,CNMREBMM,Qualquer,48,4032.0
1470,CNM,CNMREBMM,Qualquer,49,5040.0
1471,CNM,CNMREBMM,Qualquer,50,5040.0
1472,CNM,CNMREBMM,Qualquer,51,5040.0
1473,CNM,CNMREBMM,Qualquer,52,4032.0
1474,CNM,CNMREBMM,Qualquer,53,5040.0
1475,CNM,CNMEMBPL,Qualquer,29,187110.0
1476,CNM,CNMEMBPL,Qualquer,30,187110.0
1477,CNM,CNMEMBPL,Qualquer,31,187110.0
1478,CNM,CNMEMBPL,Qualquer,32,0.0
1479,CNM,CNMEMBPL,Qualquer,33,0.0
1480,CNM,CNMEMBPL,Qualquer,34,0.0
1481,CNM,CNMEMBPL,Qualquer,35,187110.0
1482,CNM,CNMEMBPL,Qualquer,36,187110.0
1483,CNM,CNMEMBPL,Qualquer,37,187110.0
1484,CNM,CNMEMBPL,Qualquer,38,187110.0
1485,CNM,CNMEMBPL,Qualquer,39,187110.0
1486,CNM,CNMEMBPL,Qualquer,40,112266.0
1487,CNM,CNMEMBPL,Qualquer,41,187110.0
1488,CNM,CNMEMBPL,Qualquer,42,187110.0
1489,CNM,CNMEMBPL,Qualquer,43,187110.0
1490,CNM,CNMEMBPL,Qualquer,44,149688.0
1491,CNM,CNMEMBPL,Qualquer,45,187110.0
1492,CNM,CNMEMBPL,Qualquer,46,187110.0
1493,CNM,CNMEMBPL,Qualquer,47,187110.0
1494,CNM,CNMEMBPL,Qualquer,48,149688.0
1495,CNM,CNMEMBPL,Qualquer,49,187110.0
1496,CNM,CNMEMBPL,Qualquer,50,187110.0
1497,CNM,CNMEMBPL,Qualquer,51,187110.0
1498,CNM,CNMEMBPL,Qualquer,52,149688.0
1499,CNM,CNMEMBPL,Qualquer,53,187110.0
1500,CNM,CNMEMBIN,Qualquer,29,5670.0
1501,CNM,CNMEMBIN,Qualquer,30,5670.0
1502,CNM,CNMEMBIN,Qualquer,31,5670.0
1503,CNM,CNMEMBIN,Qualquer,32,0.0
1504,CNM,CNMEMBIN,Qualquer,33,0.0
1505,CNM,CNMEMBIN,Qualquer,34,0.0
1506,CNM,CNMEMBIN,Qualquer,35,5670.0
1507,CNM,CNMEMBIN,Qualquer,36,5670.0
1508,CNM,CNMEMBIN,Qualquer,37,5670.0
1509,CNM,CNMEMBIN,Qualquer,38,5670.0
1510,CNM,CNMEMBIN,Qualquer,39,5670.0
1511,CNM,CNMEMBIN,Qualquer,40,3402.0
1512,CNM,CNMEMBIN,Qualquer,41,5670.0
1513,CNM,CNMEMBIN,Qualquer,42,5670.0
1514,CNM,CNMEMBIN,Qualquer,43,5670.0
1515,CNM,CNMEMBIN,Qualquer,44,4536.0
1516,CNM,CNMEMBIN,Qualquer,45,5670.0
1517,CNM,CNMEMBIN,Qualquer,46,5670.0
1518,CNM,CNMEMBIN,Qualquer,47,5670.0
1519,CNM,CNMEMBIN,Qualquer,48,4536.0
1520,CNM,CNMEMBIN,Qualquer,49,5670.0
1521,CNM,CNMEMBIN,Qualquer,50,5670.0
1522,CNM,CNMEMBIN,Qualquer,51,5670.0
1523,CNM,CNMEMBIN,Qualquer,52,4536.0
1524,CNM,CNMEMBIN,Qualquer,53,5670.0
1525,CNM,CNMAGBL1,Qualquer,29,2940300.0
1526,CNM,CNMAGBL1,Qualquer,30,2940300.0
1527,CNM,CNMAGBL1,Qualquer,31,2940300.0
1528,CNM,CNMAGBL1,Qualquer,32,0.0
1529,CNM,CNMAGBL1,Qualquer,33,0.0
1530,CNM,CNMAGBL1,Qualquer,34,0.0
1531,CNM,CNMAGBL1,Qualquer,35,2940300.0
1532,CNM,CNMAGBL1,Qualquer,36,2940300.0
1533,CNM,CNMAGBL1,Qualquer,37,2940300.0
1534,CNM,CNMAGBL1,Qualquer,38,2940300.0
1535,CNM,CNMAGBL1,Qualquer,39,2940300.0
1536,CNM,CNMAGBL1,Qualquer,40,1764180.0
1537,CNM,CNMAGBL1,Qualquer,41,2940300.0
1538,CNM,CNMAGBL1,Qualquer,42,2940300.0
1539,CNM,CNMAGBL1,Qualquer,43,2940300.0
1540,CNM,CNMAGBL1,Qualquer,44,2352240.0
1541,CNM,CNMAGBL1,Qualquer,45,2940300.0
1542,CNM,CNMAGBL1,Qualquer,46,2940300.0
1543,CNM,CNMAGBL1,Qualquer,47,2940300.0
1544,CNM,CNMAGBL1,Qualquer,48,2352240.0
1545,CNM,CNMAGBL1,Qualquer,49,2940300.0
1546,CNM,CNMAGBL1,Qualquer,50,2940300.0
1547,CNM,CNMAGBL1,Qualquer,51,2940300.0
1548,CNM,CNMAGBL1,Qualquer,52,2352240.0
1549,CNM,CNMAGBL1,Qualquer,53,2940300.0
1550,CNM,CNMAGBL2,Qualquer,29,2940300.0
1551,CNM,CNMAGBL2,Qualquer,30,2940300.0
1552,CNM,CNMAGBL2,Qualquer,31,2940300.0
1553,CNM,CNMAGBL2,Qualquer,32,0.0
1554,CNM,CNMAGBL2,Qualquer,33,0.0
1555,CNM,CNMAGBL2,Qualquer,34,0.0
1556,CNM,CNMAGBL2,Qualquer,35,2940300.0
1557,CNM,CNMAGBL2,Qualquer,36,2940300.0
1558,CNM,CNMAGBL2,Qualquer,37,2940300.0
1559,CNM,CNMAGBL2,Qualquer,38,2940300.0
1560,CNM,CNMAGBL2,Qualquer,39,2940300.0
1561,CNM,CNMAGBL2,Qualquer,40,1764180.0
1562,CNM,CNMAGBL2,Qualquer,41,2940300.0
1563,CNM,CNMAGBL2,Qualquer,42,2940300.0
1564,CNM,CNMAGBL2,Qualquer,43,2940300.0
1565,CNM,CNMAGBL2,Qualquer,44,2352240.0
1566,CNM,CNMAGBL2,Qualquer,45,2940300.0
1567,CNM,CNMAGBL2,Qualquer,46,2940300.0
1568,CNM,CNMAGBL2,Qualquer,47,2940300.0
1569,CNM,CNMAGBL2,Qualquer,48,2352240.0
1570,CNM,CNMAGBL2,Qualquer,49,2940300.0
1571,CNM,CNMAGBL2,Qualquer,50,2940300.0
1572,CNM,CNMAGBL2,Qualquer,51,2940300.0
1573,CNM,CNMAGBL2,Qualquer,52,2352240.0
1574,CNM,CNMAGBL2,Qualquer,53,2940300.0
1575,CNM,CNMAGBL3,Qualquer,29,2940300.0
1576,CNM,CNMAGBL3,Qualquer,30,2940300.0
1577,CNM,CNMAGBL3,Qualquer,31,2940300.0
1578,CNM,CNMAGBL3,Qualquer,32,0.0
1579,CNM,CNMAGBL3,Qualquer,33,0.0
1580,CNM,CNMAGBL3,Qualquer,34,0.0
1581,CNM,CNMAGBL3,Qualquer,35,2940300.0
1582,CNM,CNMAGBL3,Qualquer,36,2940300.0
1583,CNM,CNMAGBL3,Qualquer,37,2940300.0
1584,CNM,CNMAGBL3,Qualquer,38,2940300.0
1585,CNM,CNMAGBL3,Qualquer,39,2940300.0
1586,CNM,CNMAGBL3,Qualquer,40,1764180.0
1587,CNM,CNMAGBL3,Qualquer,41,2940300.0
1588,CNM,CNMAGBL3,Qualquer,42,2940300.0
1589,CNM,CNMAGBL3,Qualquer,43,2940300.0
1590,CNM,CNMAGBL3,Qualquer,44,2352240.0
1591,CNM,CNMAGBL3,Qualquer,45,2940300.0
1592,CNM,CNMAGBL3,Qualquer,46,2940300.0
1593,CNM,CNMAGBL3,Qualquer,47,2940300.0
1594,CNM,CNMAGBL3,Qualquer,48,2352240.0
1595,CNM,CNMAGBL3,Qualquer,49,2940300.0
1596,CNM,CNMAGBL3,Qualquer,50,2940300.0
1597,CNM,CNMAGBL3,Qualquer,51,2940300.0
1598,CNM,CNMAGBL3,Qualquer,52,2352240.0
1599,CNM,CNMAGBL3,Qualquer,53,2940300.0
1600,CNM,CNMAGLCI,Qualquer,29,6560.0
1601,CNM,CNMAGLCI,Qualquer,30,6560.0
1602,CNM,CNMAGLCI,Qualquer,31,6560.0
1603,CNM,CNMAGLCI,Qualquer,32,0.0
1604,CNM,CNMAGLCI,Qualquer,33,0.0
1605,CNM,CNMAGLCI,Qualquer,34,0.0
1606,CNM,CNMAGLCI,Qualquer,35,6560.0
1607,CNM,CNMAGLCI,Qualquer,36,6560.0
1608,CNM,CNMAGLCI,Qualquer,37,6560.0
1609,CNM,CNMAGLCI,Qualquer,38,6560.0
1610,CNM,CNMAGLCI,Qualquer,39,6560.0
1611,CNM,CNMAGLCI,Qualquer,40,3936.0
1612,CNM,CNMAGLCI,Qualquer,41,6560.0
1613,CNM,CNMAGLCI,Qualquer,42,6560.0
1614,CNM,CNMAGLCI,Qualquer,43,6560.0
1615,CNM,CNMAGLCI,Qualquer,44,5248.0
1616,CNM,CNMAGLCI,Qualquer,45,6560.0
1617,CNM,CNMAGLCI,Qualquer,46,6560.0
1618,CNM,CNMAGLCI,Qualquer,47,6560.0
1619,CNM,CNMAGLCI,Qualquer,48,5248.0
1620,CNM,CNMAGLCI,Qualquer,49,6560.0
1621,CNM,CNMAGLCI,Qualquer,50,6560.0
1622,CNM,CNMAGLCI,Qualquer,51,6560.0
1623,CNM,CNMAGLCI,Qualquer,52,5248.0
1624,CNM,CNMAGLCI,Qualquer,53,6560.0
1625,CCS,CCSMOLDA,Qualquer,29,2940300.0
1626,CCS,CCSMOLDA,Qualquer,30,2940300.0
1627,CCS,CCSMOLDA,Qualquer,31,2940300.0
1628,CCS,CCSMOLDA,Qualquer,32,0.0
1629,CCS,CCSMOLDA,Qualquer,33,0.0
1630,CCS,CCSMOLDA,Qualquer,34,0.0
1631,CCS,CCSMOLDA,Qualquer,35,2940300.0
1632,CCS,CCSMOLDA,Qualquer,36,2940300.0
1633,CCS,CCSMOLDA,Qualquer,37,2940300.0
1634,CCS,CCSMOLDA,Qualquer,38,2940300.0
1635,CCS,CCSMOLDA,Qualquer,39,2940300.0
1636,CCS,CCSMOLDA,Qualquer,40,1764180.0
1637,CCS,CCSMOLDA,Qualquer,41,2940300.0
1638,CCS,CCSMOLDA,Qualquer,42,2940300.0
1639,CCS,CCSMOLDA,Qualquer,43,2940300.0
1640,CCS,CCSMOLDA,Qualquer,44,2352240.0
1641,CCS,CCSMOLDA,Qualquer,45,2940300.0
1642,CCS,CCSMOLDA,Qualquer,46,2940300.0
1643,CCS,CCSMOLDA,Qualquer,47,2940300.0
1644,CCS,CCSMOLDA,Qualquer,48,2352240.0
1645,CCS,CCSMOLDA,Qualquer,49,2940300.0
1646,CCS,CCSMOLDA,Qualquer,50,2940300.0
1647,CCS,CCSMOLDA,Qualquer,51,2940300.0
1648,CCS,CCSMOLDA,Qualquer,52,2352240.0
1649,CCS,CCSMOLDA,Qualquer,53,2940300.0
1650,CCS,CCSEBMME,Qualquer,29,2940300.0
1651,CCS,CCSEBMME,Qualquer,30,2940300.0
1652,CCS,CCSEBMME,Qualquer,31,2940300.0
1653,CCS,CCSEBMME,Qualquer,32,0.0
1654,CCS,CCSEBMME,Qualquer,33,0.0
1655,CCS,CCSEBMME,Qualquer,34,0.0
1656,CCS,CCSEBMME,Qualquer,35,2940300.0
1657,CCS,CCSEBMME,Qualquer,36,2940300.0
1658,CCS,CCSEBMME,Qualquer,37,2940300.0
1659,CCS,CCSEBMME,Qualquer,38,2940300.0
1660,CCS,CCSEBMME,Qualquer,39,2940300.0
1661,CCS,CCSEBMME,Qualquer,40,1764180.0
1662,CCS,CCSEBMME,Qualquer,41,2940300.0
1663,CCS,CCSEBMME,Qualquer,42,2940300.0
1664,CCS,CCSEBMME,Qualquer,43,2940300.0
1665,CCS,CCSEBMME,Qualquer,44,2352240.0
1666,CCS,CCSEBMME,Qualquer,45,2940300.0
1667,CCS,CCSEBMME,Qualquer,46,2940300.0
1668,CCS,CCSEBMME,Qualquer,47,2940300.0
1669,CCS,CCSEBMME,Qualquer,48,2352240.0
1670,CCS,CCSEBMME,Qualquer,49,2940300.0
1671,CCS,CCSEBMME,Qualquer,50,2940300.0
1672,CCS,CCSEBMME,Qualquer,51,2940300.0
1673,CCS,CCSEBMME,Qualquer,52,2352240.0
1674,CCS,CCSEBMME,Qualquer,53,2940300.0
1675,CRM,CRMSER05,Qualquer,29,1365.0
1676,CRM,CRMSER05,Qualquer,30,1365.0
1677,CRM,CRMSER05,Qualquer,31,1365.0
1678,CRM,CRMSER05,Qualquer,32,0.0
1679,CRM,CRMSER05,Qualquer,33,0.0
1680,CRM,CRMSER05,Qualquer,34,0.0
1681,CRM,CRMSER05,Qualquer,35,1365.0
1682,CRM,CRMSER05,Qualquer,36,1365.0
1683,CRM,CRMSER05,Qualquer,37,1365.0
1684,CRM,CRMSER05,Qualquer,38,1365.0
1685,CRM,CRMSER05,Qualquer,39,1365.0
1686,CRM,CRMSER05,Qualquer,40,819.0
1687,CRM,CRMSER05,Qualquer,41,1365.0
1688,CRM,CRMSER05,Qualquer,42,1365.0
1689,CRM,CRMSER05,Qualquer,43,1365.0
1690,CRM,CRMSER05,Qualquer,44,1092.0
1691,CRM,CRMSER05,Qualquer,45,1365.0
1692,CRM,CRMSER05,Qualquer,46,1365.0
1693,CRM,CRMSER05,Qualquer,47,1365.0
1694,CRM,CRMSER05,Qualquer,48,1092.0
1695,CRM,CRMSER05,Qualquer,49,1365.0
1696,CRM,CRMSER05,Qualquer,50,1365.0
1697,CRM,CRMSER05,Qualquer,51,1365.0
1698,CRM,CRMSER05,Qualquer,52,1092.0
1699,CRM,CRMSER05,Qualquer,53,1365.0
1700,CRM,CRMSER02,Qualquer,29,1365.0
1701,CRM,CRMSER02,Qualquer,30,1365.0
1702,CRM,CRMSER02,Qualquer,31,1365.0
1703,CRM,CRMSER02,Qualquer,32,0.0
1704,CRM,CRMSER02,Qualquer,33,0.0
1705,CRM,CRMSER02,Qualquer,34,0.0
1706,CRM,CRMSER02,Qualquer,35,1365.0
1707,CRM,CRMSER02,Qualquer,36,1365.0
1708,CRM,CRMSER02,Qualquer,37,1365.0
1709,CRM,CRMSER02,Qualquer,38,1365.0
1710,CRM,CRMSER02,Qualquer,39,1365.0
1711,CRM,CRMSER02,Qualquer,40,819.0
1712,CRM,CRMSER02,Qualquer,41,1365.0
1713,CRM,CRMSER02,Qualquer,42,1365.0
1714,CRM,CRMSER02,Qualquer,43,1365.0
1715,CRM,CRMSER02,Qualquer,44,1092.0
1716,CRM,CRMSER02,Qualquer,45,1365.0
1717,CRM,CRMSER02,Qualquer,46,1365.0
1718,CRM,CRMSER02,Qualquer,47,1365.0
1719,CRM,CRMSER02,Qualquer,48,1092.0
1720,CRM,CRMSER02,Qualquer,49,1365.0
1721,CRM,CRMSER02,Qualquer,50,1365.0
1722,CRM,CRMSER02,Qualquer,51,1365.0
1723,CRM,CRMSER02,Qualquer,52,1092.0
1724,CRM,CRMSER02,Qualquer,53,1365.0
