,ov,item,Nome planejador,Status ordem de produção,Tipo de Ordem de produção/planeada,Ordem Venda / Transferência,Item OV/Transferência,Data de criação da ov,Sold to,Responsável SAC,Ordem de produção / planeada,Data-base do início,Data-base do fim,Data desejada de saída de mercadoria,Semana saída de mercadoria,Material de produção,Texto breve de material,Quantidade total da ordem,Componente,Descritivo componente,Qtd.necessária,Descritivo de Centro de Trabalho,Centro de trabalho,Duração da operação,País Destino,Quantidade fornecida ordem de produção,data_substituir,planeador,acabamento,descricao_bloco,encomendar
0,3823001403.0,10.0,GMT,,KD,3823001403.0,10.0,12/01/2022,"CORKSRIBAS - IND. GRAN. DE CORTIÇA, LDA",HSILVA,385612357,12/01/2022,2022-01-12,19/01/2022,0.0,41001094,GRAN BD 1/2 50-55 SE BB001 CR,6300.0,41000353,GRAN BD ESP 1/2 50-55 SE GR,6300.0,GMT-EMBALAGEM SCS/BB,GMTEMBSB,4.2,PT,0.0,12/01/2022,GMT,2,GRAN,GR
1,3823001402.0,10.0,GMT,,KD,3823001402.0,10.0,12/01/2022,"CORKSRIBAS - IND. GRAN. DE CORTIÇA, LDA",HSILVA,385612356,12/01/2022,2022-01-12,19/01/2022,0.0,41001094,GRAN BD 1/2 50-55 SE BB001 CR,6300.0,41000353,GRAN BD ESP 1/2 50-55 SE GR,6300.0,GMT-EMBALAGEM SCS/BB,GMTEMBSB,4.2,PT,0.0,12/01/2022,GMT,2,GRAN,GR
2,3823001386.0,10.0,GMT,,KD,3823001386.0,10.0,07/01/2022,"CORKSRIBAS - IND. GRAN. DE CORTIÇA, LDA",HSILVA,385606873,18/03/2022,2022-03-18,25/03/2022,0.0,41000474,"GRAN BD 0,5/1 50-55 SE SA028",6000.0,41000352,"GRAN BD ESP 0,5/1 50-55 SE GR",6000.0,GMT-EMBALAGEM SCS/BB,GMTEMBSB,6.0,PT,0.0,18/03/2022,GMT,1,GRAN,GR
3,3823001385.0,10.0,GMT,,KD,3823001385.0,10.0,07/01/2022,"CORKSRIBAS - IND. GRAN. DE CORTIÇA, LDA",HSILVA,385606872,03/03/2022,2022-03-03,10/03/2022,0.0,41000474,"GRAN BD 0,5/1 50-55 SE SA028",6000.0,41000352,"GRAN BD ESP 0,5/1 50-55 SE GR",6000.0,GMT-EMBALAGEM SCS/BB,GMTEMBSB,6.0,PT,0.0,03/03/2022,GMT,1,GRAN,GR
4,3823001384.0,10.0,GMT,,KD,3823001384.0,10.0,07/01/2022,"CORKSRIBAS - IND. GRAN. DE CORTIÇA, LDA",HSILVA,385606871,17/02/2022,2022-02-17,24/02/2022,0.0,41000474,"GRAN BD 0,5/1 50-55 SE SA028",6000.0,41000352,"GRAN BD ESP 0,5/1 50-55 SE GR",6000.0,GMT-EMBALAGEM SCS/BB,GMTEMBSB,6.0,PT,0.0,17/02/2022,GMT,1,GRAN,GR
5,3823001383.0,10.0,GMT,,KD,3823001383.0,10.0,07/01/2022,"CORKSRIBAS - IND. GRAN. DE CORTIÇA, LDA",HSILVA,385606870,10/02/2022,2022-02-10,17/02/2022,0.0,41000474,"GRAN BD 0,5/1 50-55 SE SA028",6000.0,41000352,"GRAN BD ESP 0,5/1 50-55 SE GR",6000.0,GMT-EMBALAGEM SCS/BB,GMTEMBSB,6.0,PT,0.0,10/02/2022,GMT,1,GRAN,GR
6,3823001382.0,10.0,GMT,,KD,3823001382.0,10.0,07/01/2022,"CORKSRIBAS - IND. GRAN. DE CORTIÇA, LDA",HSILVA,385606869,03/02/2022,2022-02-03,10/02/2022,0.0,41000474,"GRAN BD 0,5/1 50-55 SE SA028",6000.0,41000352,"GRAN BD ESP 0,5/1 50-55 SE GR",6000.0,GMT-EMBALAGEM SCS/BB,GMTEMBSB,6.0,PT,0.0,03/02/2022,GMT,1,GRAN,GR
7,3823001381.0,10.0,GMT,,KD,3823001381.0,10.0,07/01/2022,"CORKSRIBAS - IND. GRAN. DE CORTIÇA, LDA",HSILVA,385606868,19/01/2022,2022-01-19,27/01/2022,0.0,41000474,"GRAN BD 0,5/1 50-55 SE SA028",6000.0,41000352,"GRAN BD ESP 0,5/1 50-55 SE GR",6000.0,GMT-EMBALAGEM SCS/BB,GMTEMBSB,6.0,PT,0.0,19/01/2022,GMT,1,GRAN,GR
8,3823001380.0,10.0,GMT,,KD,3823001380.0,10.0,07/01/2022,"AMORIM CORK COMPOSITES, INC",RFERNANDES,385606878,25/03/2022,2022-03-28,04/04/2022,0.0,41000506,"GRAN MD 0,5/1 75-85 SE FR001",12199.81,41000322,"GRAN MD 0,5/1 75-85 SE GR",12199.81,GMT-EMBALAGEM,GMTEMBAL,21.982,US,0.0,28/03/2022,GMT,1,GRAN,GR
9,3823001370.0,10.0,GMT,,KD,3823001370.0,10.0,07/01/2022,"CORKSRIBAS - IND. GRAN. DE CORTIÇA, LDA",HSILVA,385606867,12/01/2022,2022-01-12,19/01/2022,0.0,41000474,"GRAN BD 0,5/1 50-55 SE SA028",6000.0,41000352,"GRAN BD ESP 0,5/1 50-55 SE GR",6000.0,GMT-EMBALAGEM SCS/BB,GMTEMBSB,6.0,PT,0.0,12/01/2022,GMT,1,GRAN,GR
16,3823001029.0,10.0,GMT,,KD,3823001029.0,10.0,04/11/2021,"CORKSRIBAS - IND. GRAN. DE CORTIÇA, LDA",HSILVA,385606866,12/01/2022,2022-01-07,06/12/2021,202151.0,41000474,"GRAN BD 0,5/1 50-55 SE SA028",360.0,41000352,"GRAN BD ESP 0,5/1 50-55 SE GR",360.0,GMT-EMBALAGEM SCS/BB,GMTEMBSB,0.36,PT,0.0,07/01/2022,GMT,1,GRAN,GR
17,3823000987.0,10.0,GMT,,KD,3823000987.0,10.0,04/11/2021,"CORKSRIBAS - IND. GRAN. DE CORTIÇA, LDA",HSILVA,385606884,12/01/2022,2022-01-07,06/12/2021,202151.0,41000531,"GRAN MF 7 0,2/0,5 120-140 HU BB012 CR",370.0,41000343,"GRAN MF 7 0,2/0,5 120-140 HU GR",370.0,GMT-EMBALAGEM SCS/BB,GMTEMBSB,0.264,PT,0.0,07/01/2022,GMT,"0,5",GRAN,GR
18,3823000814.0,110.0,GMT,,KD,3823000814.0,110.0,23/09/2021,"AMORIM CORK COMPOSITES, INC",RFERNANDES,385613923,19/01/2022,2022-02-24,27/01/2022,202204.0,41000534,"GRAN BD G005 0,5/1 50-55 SE BB015",544.0,41000348,"GRAN BD G005 0,5/1 50-55 SE GR",544.0,GMT-EMBALAGEM,GMTEMBAL,0.725,US,0.0,24/02/2022,GMT,1,GRAN,GR
19,3823000814.0,90.0,GMT,,KD,3823000814.0,90.0,23/09/2021,"AMORIM CORK COMPOSITES, INC",RFERNANDES,385613922,12/01/2022,2022-02-24,19/01/2022,202203.0,41000534,"GRAN BD G005 0,5/1 50-55 SE BB015",400.0,41000348,"GRAN BD G005 0,5/1 50-55 SE GR",400.0,GMT-EMBALAGEM,GMTEMBAL,0.533,US,0.0,24/02/2022,GMT,1,GRAN,GR
20,3820017816.0,10.0,CNM - Transformaçã,,KD,3820017816.0,10.0,12/01/2022,LLC AMORIM CORK COMPOSITES,CBORGES,385612379,17/01/2022,2022-01-18,26/01/2022,0.0,70026956,"RL CI M 5166/000 1000X1,8-10M 01",2480.0,70026957,"RL CI M 5166/000 1000X1,8-10M NE",2480.0,CNM-EMBALAGEM MR AUTO,CNMEMBMA,26.105,RU,0.0,18/01/2022,CNM - Transformaçã,000,RL,NE
28,3820017815.0,10.0,CNM - Transformaçã,,KD,3820017815.0,10.0,12/01/2022,LLC AMORIM CORK COMPOSITES,CBORGES,385612378,17/01/2022,2022-01-18,26/01/2022,0.0,70026956,"RL CI M 5166/000 1000X1,8-10M 01",2480.0,70026957,"RL CI M 5166/000 1000X1,8-10M NE",2480.0,CNM-EMBALAGEM MR AUTO,CNMEMBMA,26.105,RU,0.0,18/01/2022,CNM - Transformaçã,000,RL,NE
36,3820017814.0,10.0,CNM - Transformaçã,,KD,3820017814.0,10.0,12/01/2022,LLC AMORIM CORK COMPOSITES,CBORGES,385612377,17/01/2022,2022-01-18,26/01/2022,0.0,70026956,"RL CI M 5166/000 1000X1,8-10M 01",2480.0,70026957,"RL CI M 5166/000 1000X1,8-10M NE",2480.0,CNM-EMBALAGEM MR AUTO,CNMEMBMA,26.105,RU,0.0,18/01/2022,CNM - Transformaçã,000,RL,NE
44,3820017813.0,10.0,CNM - Transformaçã,,KD,3820017813.0,10.0,12/01/2022,LLC AMORIM CORK COMPOSITES,CBORGES,385612376,17/01/2022,2022-01-18,26/01/2022,0.0,70026956,"RL CI M 5166/000 1000X1,8-10M 01",2480.0,70026957,"RL CI M 5166/000 1000X1,8-10M NE",2480.0,CNM-EMBALAGEM MR AUTO,CNMEMBMA,26.105,RU,0.0,18/01/2022,CNM - Transformaçã,000,RL,NE
52,3820017812.0,10.0,CNM - Transformaçã,,KD,3820017812.0,10.0,12/01/2022,LLC AMORIM CORK COMPOSITES,CBORGES,385612375,17/01/2022,2022-01-18,26/01/2022,0.0,70026956,"RL CI M 5166/000 1000X1,8-10M 01",2480.0,70026957,"RL CI M 5166/000 1000X1,8-10M NE",2480.0,CNM-EMBALAGEM MR AUTO,CNMEMBMA,26.105,RU,0.0,18/01/2022,CNM - Transformaçã,000,RL,NE
66,3820017796.0,10.0,GMT,,KD,3820017796.0,10.0,12/01/2022,FORBO FLOORING B.V.,COALMEIDA,385606885,21/02/2022,2022-02-21,28/02/2022,0.0,41000532,"GRAN MF 7 0,2/0,5 120-140 HU BB012",9000.0,41000343,"GRAN MF 7 0,2/0,5 120-140 HU GR",9000.0,GMT-EMBALAGEM SCS/BB,GMTEMBSB,6.429,NL,0.0,21/02/2022,GMT,"0,5",GRAN,GR
67,3820017788.0,10.0,GMT,,KD,3820017788.0,10.0,11/01/2022,LLC AMORIM CORK COMPOSITES,CBORGES,385606838,14/01/2022,2022-01-14,22/01/2022,0.0,41000436,"GRAN AD 0,5/1 100-120 HU SA005",4500.0,41000325,"GRAN AD 0,5/1 100-120 HU GR",4500.0,GMT-EMBALAGEM,GMTEMBAL,3.0,RU,0.0,14/01/2022,GMT,1,GRAN,GR
72,3820017711.0,20.0,GMT,,KD,3820017711.0,20.0,07/01/2022,FCC (PHILIPPINES) CORP.,DMEDEIROS,385606881,02/03/2022,2022-03-02,09/03/2022,0.0,41000517,"GRAN AD M3 1,5/2 70-100 SE FR001",1000.0,41000355,"GRAN AD M3 1,5/2 70-100 SE GR",1000.0,GMT-EMBALAGEM,GMTEMBAL,1.852,PH,0.0,02/03/2022,GMT,2,GRAN,GR
73,3820017711.0,10.0,GMT,,KD,3820017711.0,10.0,07/01/2022,FCC (PHILIPPINES) CORP.,DMEDEIROS,385606882,28/02/2022,2022-03-02,09/03/2022,0.0,41000518,GRAN AD S6 1/2 100-120 SE FR001,11000.0,41000357,GRAN AD S6 1/2 100-120 SE GR,11000.0,GMT-EMBALAGEM,GMTEMBAL,27.16,PH,0.0,02/03/2022,GMT,2,GRAN,GR
74,3820017694.0,10.0,GMT,,KD,3820017694.0,10.0,07/01/2022,VISIT INDUSTRIAL PTY LTD.,DMEDEIROS,385606837,21/01/2022,2022-01-21,28/01/2022,0.0,41000427,"GRAN MD 0,5/1 75-85 SE SA002",4500.0,41000322,"GRAN MD 0,5/1 75-85 SE GR",4500.0,GMT-EMBALAGEM,GMTEMBAL,3.462,AU,0.0,21/01/2022,GMT,1,GRAN,GR
75,3820017667.0,10.0,iCorkFactory,,KD,3820017667.0,10.0,06/01/2022,"ITAFLEX-FÁB. ARTIGOS P/CALÇADO, LDA.",DMEDEIROS,385612522,19/01/2022,2022-01-19,27/01/2022,0.0,75000096,GRAN REV PELLETS SBS CORTIÇA - P300 01,400.0,75000097,GRAN REV PELLETS SBS CORTIÇA - P300 NE,420.0,ICF - EMBALAGEM,ICFEMBAL,8.0,PT,0.0,19/01/2022,iCorkFactory,,GRAN,NE
77,3820017665.0,20.0,GMT,,KD,3820017665.0,20.0,06/01/2022,"3DC - INTELLIGENT NATURE, LDA",DMEDEIROS,385606865,12/01/2022,2022-01-12,19/01/2022,0.0,41000470,"GRAN MF 5 0,2/0,5 50-70 SE SA025",200.0,41000344,"GRAN MF 5 0,2/0,5 50-70 HU GR",200.0,GMT-EMBALAGEM SCS/BB,GMTEMBSB,0.4,PT,0.0,12/01/2022,GMT,"0,5",GRAN,GR
78,3820017665.0,10.0,GMT,,KD,3820017665.0,10.0,06/01/2022,"3DC - INTELLIGENT NATURE, LDA",DMEDEIROS,385606833,12/01/2022,2022-01-12,19/01/2022,0.0,41000398,"GRAN BD 0,5/1 58-62 SE SA025",100.0,41000313,"GRAN BD 0,5/1 58-62 SE GR",100.0,GMT-EMBALAGEM,GMTEMBAL,0.1,PT,0.0,12/01/2022,GMT,1,GRAN,GR
79,3820017658.0,10.0,GMT,,KD,3820017658.0,10.0,06/01/2022,BIRKENSTOCK PRODUCTIONS HESSEN GMBH,LRIBEIRO,385606842,11/02/2022,2022-02-11,18/02/2022,0.0,41000453,"GRAN BD 0,5/1 50-55 SE SA001",5000.0,41000352,"GRAN BD ESP 0,5/1 50-55 SE GR",5000.0,GMT-EMBALAGEM SCS/BB,GMTEMBSB,5.0,DE,0.0,11/02/2022,GMT,1,GRAN,GR
80,3820017657.0,10.0,GMT,,KD,3820017657.0,10.0,06/01/2022,BIRKENSTOCK PRODUCTIONS HESSEN GMBH,LRIBEIRO,385606841,13/01/2022,2022-01-13,21/01/2022,0.0,41000453,"GRAN BD 0,5/1 50-55 SE SA001",5000.0,41000352,"GRAN BD ESP 0,5/1 50-55 SE GR",5000.0,GMT-EMBALAGEM SCS/BB,GMTEMBSB,5.0,DE,0.0,13/01/2022,GMT,1,GRAN,GR
81,3820017655.0,10.0,GMT,,KD,3820017655.0,10.0,06/01/2022,BIRKENSTOCK PRODUCTIONS HESSEN GMBH,LRIBEIRO,385606840,11/03/2022,2022-03-11,18/03/2022,0.0,41000453,"GRAN BD 0,5/1 50-55 SE SA001",5000.0,41000352,"GRAN BD ESP 0,5/1 50-55 SE GR",5000.0,GMT-EMBALAGEM SCS/BB,GMTEMBSB,5.0,DE,0.0,11/03/2022,GMT,1,GRAN,GR
82,3820017652.0,20.0,GMT,,KD,3820017652.0,20.0,06/01/2022,BIRKENSTOCK PRODUCTIONS HESSEN GMBH,LRIBEIRO,385606864,18/02/2022,2022-02-18,25/02/2022,0.0,41000454,GRAN BD 1/2 50-55 SE SA001,1300.0,41000353,GRAN BD ESP 1/2 50-55 SE GR,1300.0,GMT-EMBALAGEM SCS/BB,GMTEMBSB,1.3,DE,0.0,18/02/2022,GMT,2,GRAN,GR
83,3820017652.0,10.0,GMT,,KD,3820017652.0,10.0,06/01/2022,BIRKENSTOCK PRODUCTIONS HESSEN GMBH,LRIBEIRO,385606909,18/02/2022,2022-02-18,25/02/2022,0.0,41000881,GRAN BD 1/2 50-55 SE BB014,3640.0,41000353,GRAN BD ESP 1/2 50-55 SE GR,3640.0,GMT-EMBALAGEM SCS/BB,GMTEMBSB,2.737,DE,0.0,18/02/2022,GMT,2,GRAN,GR
84,3820017651.0,20.0,GMT,,KD,3820017651.0,20.0,06/01/2022,BIRKENSTOCK PRODUCTIONS HESSEN GMBH,LRIBEIRO,385606863,04/03/2022,2022-03-04,11/03/2022,0.0,41000454,GRAN BD 1/2 50-55 SE SA001,1300.0,41000353,GRAN BD ESP 1/2 50-55 SE GR,1300.0,GMT-EMBALAGEM SCS/BB,GMTEMBSB,1.3,DE,0.0,04/03/2022,GMT,2,GRAN,GR
85,3820017651.0,10.0,GMT,,KD,3820017651.0,10.0,06/01/2022,BIRKENSTOCK PRODUCTIONS HESSEN GMBH,LRIBEIRO,385606908,04/03/2022,2022-03-04,11/03/2022,0.0,41000881,GRAN BD 1/2 50-55 SE BB014,3640.0,41000353,GRAN BD ESP 1/2 50-55 SE GR,3640.0,GMT-EMBALAGEM SCS/BB,GMTEMBSB,2.737,DE,0.0,04/03/2022,GMT,2,GRAN,GR
86,3820017650.0,20.0,GMT,,KD,3820017650.0,20.0,06/01/2022,BIRKENSTOCK PRODUCTIONS HESSEN GMBH,LRIBEIRO,385606862,18/03/2022,2022-03-18,25/03/2022,0.0,41000454,GRAN BD 1/2 50-55 SE SA001,1300.0,41000353,GRAN BD ESP 1/2 50-55 SE GR,1300.0,GMT-EMBALAGEM SCS/BB,GMTEMBSB,1.3,DE,0.0,18/03/2022,GMT,2,GRAN,GR
87,3820017650.0,10.0,GMT,,KD,3820017650.0,10.0,06/01/2022,BIRKENSTOCK PRODUCTIONS HESSEN GMBH,LRIBEIRO,385606907,18/03/2022,2022-03-18,25/03/2022,0.0,41000881,GRAN BD 1/2 50-55 SE BB014,3640.0,41000353,GRAN BD ESP 1/2 50-55 SE GR,3640.0,GMT-EMBALAGEM SCS/BB,GMTEMBSB,2.737,DE,0.0,18/03/2022,GMT,2,GRAN,GR
88,3820017649.0,20.0,GMT,,KD,3820017649.0,20.0,06/01/2022,BIRKENSTOCK PRODUCTIONS HESSEN GMBH,LRIBEIRO,385606861,25/03/2022,2022-03-25,01/04/2022,0.0,41000454,GRAN BD 1/2 50-55 SE SA001,1300.0,41000353,GRAN BD ESP 1/2 50-55 SE GR,1300.0,GMT-EMBALAGEM SCS/BB,GMTEMBSB,1.3,DE,0.0,25/03/2022,GMT,2,GRAN,GR
89,3820017649.0,10.0,GMT,,KD,3820017649.0,10.0,06/01/2022,BIRKENSTOCK PRODUCTIONS HESSEN GMBH,LRIBEIRO,385606906,25/03/2022,2022-03-25,01/04/2022,0.0,41000881,GRAN BD 1/2 50-55 SE BB014,3640.0,41000353,GRAN BD ESP 1/2 50-55 SE GR,3640.0,GMT-EMBALAGEM SCS/BB,GMTEMBSB,2.737,DE,0.0,25/03/2022,GMT,2,GRAN,GR
90,3820017648.0,20.0,GMT,,KD,3820017648.0,20.0,06/01/2022,BIRKENSTOCK PRODUCTIONS HESSEN GMBH,LRIBEIRO,385606860,11/03/2022,2022-03-11,18/03/2022,0.0,41000454,GRAN BD 1/2 50-55 SE SA001,1300.0,41000353,GRAN BD ESP 1/2 50-55 SE GR,1300.0,GMT-EMBALAGEM SCS/BB,GMTEMBSB,1.3,DE,0.0,11/03/2022,GMT,2,GRAN,GR
91,3820017648.0,10.0,GMT,,KD,3820017648.0,10.0,06/01/2022,BIRKENSTOCK PRODUCTIONS HESSEN GMBH,LRIBEIRO,385606905,11/03/2022,2022-03-11,18/03/2022,0.0,41000881,GRAN BD 1/2 50-55 SE BB014,3640.0,41000353,GRAN BD ESP 1/2 50-55 SE GR,3640.0,GMT-EMBALAGEM SCS/BB,GMTEMBSB,2.737,DE,0.0,11/03/2022,GMT,2,GRAN,GR
92,3820017647.0,20.0,GMT,,KD,3820017647.0,20.0,06/01/2022,BIRKENSTOCK PRODUCTIONS HESSEN GMBH,LRIBEIRO,385606859,18/03/2022,2022-03-18,25/03/2022,0.0,41000454,GRAN BD 1/2 50-55 SE SA001,1300.0,41000353,GRAN BD ESP 1/2 50-55 SE GR,1300.0,GMT-EMBALAGEM SCS/BB,GMTEMBSB,1.3,DE,0.0,18/03/2022,GMT,2,GRAN,GR
93,3820017647.0,10.0,GMT,,KD,3820017647.0,10.0,06/01/2022,BIRKENSTOCK PRODUCTIONS HESSEN GMBH,LRIBEIRO,385606904,18/03/2022,2022-03-18,25/03/2022,0.0,41000881,GRAN BD 1/2 50-55 SE BB014,3640.0,41000353,GRAN BD ESP 1/2 50-55 SE GR,3640.0,GMT-EMBALAGEM SCS/BB,GMTEMBSB,2.737,DE,0.0,18/03/2022,GMT,2,GRAN,GR
94,3820017646.0,20.0,GMT,,KD,3820017646.0,20.0,06/01/2022,BIRKENSTOCK PRODUCTIONS HESSEN GMBH,LRIBEIRO,385606858,18/02/2022,2022-02-18,25/02/2022,0.0,41000454,GRAN BD 1/2 50-55 SE SA001,1300.0,41000353,GRAN BD ESP 1/2 50-55 SE GR,1300.0,GMT-EMBALAGEM SCS/BB,GMTEMBSB,1.3,DE,0.0,18/02/2022,GMT,2,GRAN,GR
95,3820017646.0,10.0,GMT,,KD,3820017646.0,10.0,06/01/2022,BIRKENSTOCK PRODUCTIONS HESSEN GMBH,LRIBEIRO,385606903,18/02/2022,2022-02-18,25/02/2022,0.0,41000881,GRAN BD 1/2 50-55 SE BB014,3640.0,41000353,GRAN BD ESP 1/2 50-55 SE GR,3640.0,GMT-EMBALAGEM SCS/BB,GMTEMBSB,2.737,DE,0.0,18/02/2022,GMT,2,GRAN,GR
96,3820017645.0,20.0,GMT,,KD,3820017645.0,20.0,06/01/2022,BIRKENSTOCK PRODUCTIONS HESSEN GMBH,LRIBEIRO,385606857,25/03/2022,2022-03-25,01/04/2022,0.0,41000454,GRAN BD 1/2 50-55 SE SA001,1300.0,41000353,GRAN BD ESP 1/2 50-55 SE GR,1300.0,GMT-EMBALAGEM SCS/BB,GMTEMBSB,1.3,DE,0.0,25/03/2022,GMT,2,GRAN,GR
97,3820017645.0,10.0,GMT,,KD,3820017645.0,10.0,06/01/2022,BIRKENSTOCK PRODUCTIONS HESSEN GMBH,LRIBEIRO,385606902,25/03/2022,2022-03-25,01/04/2022,0.0,41000881,GRAN BD 1/2 50-55 SE BB014,3640.0,41000353,GRAN BD ESP 1/2 50-55 SE GR,3640.0,GMT-EMBALAGEM SCS/BB,GMTEMBSB,2.737,DE,0.0,25/03/2022,GMT,2,GRAN,GR
98,3820017644.0,20.0,GMT,,KD,3820017644.0,20.0,06/01/2022,BIRKENSTOCK PRODUCTIONS HESSEN GMBH,LRIBEIRO,385606856,04/03/2022,2022-03-04,11/03/2022,0.0,41000454,GRAN BD 1/2 50-55 SE SA001,1300.0,41000353,GRAN BD ESP 1/2 50-55 SE GR,1300.0,GMT-EMBALAGEM SCS/BB,GMTEMBSB,1.3,DE,0.0,04/03/2022,GMT,2,GRAN,GR
99,3820017644.0,10.0,GMT,,KD,3820017644.0,10.0,06/01/2022,BIRKENSTOCK PRODUCTIONS HESSEN GMBH,LRIBEIRO,385606901,04/03/2022,2022-03-04,11/03/2022,0.0,41000881,GRAN BD 1/2 50-55 SE BB014,3640.0,41000353,GRAN BD ESP 1/2 50-55 SE GR,3640.0,GMT-EMBALAGEM SCS/BB,GMTEMBSB,2.737,DE,0.0,04/03/2022,GMT,2,GRAN,GR
100,3820017643.0,20.0,GMT,,KD,3820017643.0,20.0,06/01/2022,BIRKENSTOCK PRODUCTIONS HESSEN GMBH,LRIBEIRO,385606855,11/03/2022,2022-03-11,18/03/2022,0.0,41000454,GRAN BD 1/2 50-55 SE SA001,1300.0,41000353,GRAN BD ESP 1/2 50-55 SE GR,1300.0,GMT-EMBALAGEM SCS/BB,GMTEMBSB,1.3,DE,0.0,11/03/2022,GMT,2,GRAN,GR
101,3820017643.0,10.0,GMT,,KD,3820017643.0,10.0,06/01/2022,BIRKENSTOCK PRODUCTIONS HESSEN GMBH,LRIBEIRO,385606900,11/03/2022,2022-03-11,18/03/2022,0.0,41000881,GRAN BD 1/2 50-55 SE BB014,3640.0,41000353,GRAN BD ESP 1/2 50-55 SE GR,3640.0,GMT-EMBALAGEM SCS/BB,GMTEMBSB,2.737,DE,0.0,11/03/2022,GMT,2,GRAN,GR
102,3820017642.0,20.0,GMT,,KD,3820017642.0,20.0,06/01/2022,BIRKENSTOCK PRODUCTIONS HESSEN GMBH,LRIBEIRO,385606854,24/02/2022,2022-02-24,04/03/2022,0.0,41000454,GRAN BD 1/2 50-55 SE SA001,1300.0,41000353,GRAN BD ESP 1/2 50-55 SE GR,1300.0,GMT-EMBALAGEM SCS/BB,GMTEMBSB,1.3,DE,0.0,24/02/2022,GMT,2,GRAN,GR
103,3820017642.0,10.0,GMT,,KD,3820017642.0,10.0,06/01/2022,BIRKENSTOCK PRODUCTIONS HESSEN GMBH,LRIBEIRO,385606899,24/02/2022,2022-02-24,04/03/2022,0.0,41000881,GRAN BD 1/2 50-55 SE BB014,3640.0,41000353,GRAN BD ESP 1/2 50-55 SE GR,3640.0,GMT-EMBALAGEM SCS/BB,GMTEMBSB,2.737,DE,0.0,24/02/2022,GMT,2,GRAN,GR
104,3820017641.0,20.0,GMT,,KD,3820017641.0,20.0,06/01/2022,BIRKENSTOCK PRODUCTIONS HESSEN GMBH,LRIBEIRO,385606853,24/02/2022,2022-02-24,04/03/2022,0.0,41000454,GRAN BD 1/2 50-55 SE SA001,1300.0,41000353,GRAN BD ESP 1/2 50-55 SE GR,1300.0,GMT-EMBALAGEM SCS/BB,GMTEMBSB,1.3,DE,0.0,24/02/2022,GMT,2,GRAN,GR
105,3820017641.0,10.0,GMT,,KD,3820017641.0,10.0,06/01/2022,BIRKENSTOCK PRODUCTIONS HESSEN GMBH,LRIBEIRO,385606898,24/02/2022,2022-02-24,04/03/2022,0.0,41000881,GRAN BD 1/2 50-55 SE BB014,3640.0,41000353,GRAN BD ESP 1/2 50-55 SE GR,3640.0,GMT-EMBALAGEM SCS/BB,GMTEMBSB,2.737,DE,0.0,24/02/2022,GMT,2,GRAN,GR
106,3820017640.0,20.0,GMT,,KD,3820017640.0,20.0,06/01/2022,BIRKENSTOCK PRODUCTIONS HESSEN GMBH,LRIBEIRO,385606852,11/02/2022,2022-02-11,18/02/2022,0.0,41000454,GRAN BD 1/2 50-55 SE SA001,1300.0,41000353,GRAN BD ESP 1/2 50-55 SE GR,1300.0,GMT-EMBALAGEM SCS/BB,GMTEMBSB,1.3,DE,0.0,11/02/2022,GMT,2,GRAN,GR
107,3820017640.0,10.0,GMT,,KD,3820017640.0,10.0,06/01/2022,BIRKENSTOCK PRODUCTIONS HESSEN GMBH,LRIBEIRO,385606897,11/02/2022,2022-02-11,18/02/2022,0.0,41000881,GRAN BD 1/2 50-55 SE BB014,3640.0,41000353,GRAN BD ESP 1/2 50-55 SE GR,3640.0,GMT-EMBALAGEM SCS/BB,GMTEMBSB,2.737,DE,0.0,11/02/2022,GMT,2,GRAN,GR
108,3820017639.0,20.0,GMT,,KD,3820017639.0,20.0,06/01/2022,BIRKENSTOCK PRODUCTIONS HESSEN GMBH,LRIBEIRO,385606851,21/01/2022,2022-01-21,28/01/2022,0.0,41000454,GRAN BD 1/2 50-55 SE SA001,1300.0,41000353,GRAN BD ESP 1/2 50-55 SE GR,1300.0,GMT-EMBALAGEM SCS/BB,GMTEMBSB,1.3,DE,0.0,21/01/2022,GMT,2,GRAN,GR
109,3820017639.0,10.0,GMT,,KD,3820017639.0,10.0,06/01/2022,BIRKENSTOCK PRODUCTIONS HESSEN GMBH,LRIBEIRO,385606896,21/01/2022,2022-01-21,28/01/2022,0.0,41000881,GRAN BD 1/2 50-55 SE BB014,3640.0,41000353,GRAN BD ESP 1/2 50-55 SE GR,3640.0,GMT-EMBALAGEM SCS/BB,GMTEMBSB,2.737,DE,0.0,21/01/2022,GMT,2,GRAN,GR
110,3820017638.0,20.0,GMT,,KD,3820017638.0,20.0,06/01/2022,BIRKENSTOCK PRODUCTIONS HESSEN GMBH,LRIBEIRO,385606850,12/01/2022,2022-01-12,19/01/2022,0.0,41000454,GRAN BD 1/2 50-55 SE SA001,1300.0,41000353,GRAN BD ESP 1/2 50-55 SE GR,1300.0,GMT-EMBALAGEM SCS/BB,GMTEMBSB,1.3,DE,0.0,12/01/2022,GMT,2,GRAN,GR
111,3820017638.0,10.0,GMT,,KD,3820017638.0,10.0,06/01/2022,BIRKENSTOCK PRODUCTIONS HESSEN GMBH,LRIBEIRO,385606895,12/01/2022,2022-01-12,19/01/2022,0.0,41000881,GRAN BD 1/2 50-55 SE BB014,3640.0,41000353,GRAN BD ESP 1/2 50-55 SE GR,3640.0,GMT-EMBALAGEM SCS/BB,GMTEMBSB,2.737,DE,0.0,12/01/2022,GMT,2,GRAN,GR
112,3820017637.0,20.0,GMT,,KD,3820017637.0,20.0,06/01/2022,BIRKENSTOCK PRODUCTIONS HESSEN GMBH,LRIBEIRO,385606849,04/02/2022,2022-02-04,11/02/2022,0.0,41000454,GRAN BD 1/2 50-55 SE SA001,1300.0,41000353,GRAN BD ESP 1/2 50-55 SE GR,1300.0,GMT-EMBALAGEM SCS/BB,GMTEMBSB,1.3,DE,0.0,04/02/2022,GMT,2,GRAN,GR
113,3820017637.0,10.0,GMT,,KD,3820017637.0,10.0,06/01/2022,BIRKENSTOCK PRODUCTIONS HESSEN GMBH,LRIBEIRO,385606894,04/02/2022,2022-02-04,11/02/2022,0.0,41000881,GRAN BD 1/2 50-55 SE BB014,3640.0,41000353,GRAN BD ESP 1/2 50-55 SE GR,3640.0,GMT-EMBALAGEM SCS/BB,GMTEMBSB,2.737,DE,0.0,04/02/2022,GMT,2,GRAN,GR
114,3820017636.0,20.0,GMT,,KD,3820017636.0,20.0,06/01/2022,BIRKENSTOCK PRODUCTIONS HESSEN GMBH,LRIBEIRO,385606848,11/02/2022,2022-02-11,18/02/2022,0.0,41000454,GRAN BD 1/2 50-55 SE SA001,1300.0,41000353,GRAN BD ESP 1/2 50-55 SE GR,1300.0,GMT-EMBALAGEM SCS/BB,GMTEMBSB,1.3,DE,0.0,11/02/2022,GMT,2,GRAN,GR
115,3820017636.0,10.0,GMT,,KD,3820017636.0,10.0,06/01/2022,BIRKENSTOCK PRODUCTIONS HESSEN GMBH,LRIBEIRO,385606893,11/02/2022,2022-02-11,18/02/2022,0.0,41000881,GRAN BD 1/2 50-55 SE BB014,3640.0,41000353,GRAN BD ESP 1/2 50-55 SE GR,3640.0,GMT-EMBALAGEM SCS/BB,GMTEMBSB,2.737,DE,0.0,11/02/2022,GMT,2,GRAN,GR
116,3820017635.0,20.0,GMT,,KD,3820017635.0,20.0,06/01/2022,BIRKENSTOCK PRODUCTIONS HESSEN GMBH,LRIBEIRO,385606847,28/01/2022,2022-01-28,04/02/2022,0.0,41000454,GRAN BD 1/2 50-55 SE SA001,1300.0,41000353,GRAN BD ESP 1/2 50-55 SE GR,1300.0,GMT-EMBALAGEM SCS/BB,GMTEMBSB,1.3,DE,0.0,28/01/2022,GMT,2,GRAN,GR
117,3820017635.0,10.0,GMT,,KD,3820017635.0,10.0,06/01/2022,BIRKENSTOCK PRODUCTIONS HESSEN GMBH,LRIBEIRO,385606892,28/01/2022,2022-01-28,04/02/2022,0.0,41000881,GRAN BD 1/2 50-55 SE BB014,3640.0,41000353,GRAN BD ESP 1/2 50-55 SE GR,3640.0,GMT-EMBALAGEM SCS/BB,GMTEMBSB,2.737,DE,0.0,28/01/2022,GMT,2,GRAN,GR
118,3820017634.0,20.0,GMT,,KD,3820017634.0,20.0,06/01/2022,BIRKENSTOCK PRODUCTIONS HESSEN GMBH,LRIBEIRO,385606846,04/02/2022,2022-02-04,11/02/2022,0.0,41000454,GRAN BD 1/2 50-55 SE SA001,1300.0,41000353,GRAN BD ESP 1/2 50-55 SE GR,1300.0,GMT-EMBALAGEM SCS/BB,GMTEMBSB,1.3,DE,0.0,04/02/2022,GMT,2,GRAN,GR
119,3820017634.0,10.0,GMT,,KD,3820017634.0,10.0,06/01/2022,BIRKENSTOCK PRODUCTIONS HESSEN GMBH,LRIBEIRO,385606891,04/02/2022,2022-02-04,11/02/2022,0.0,41000881,GRAN BD 1/2 50-55 SE BB014,3640.0,41000353,GRAN BD ESP 1/2 50-55 SE GR,3640.0,GMT-EMBALAGEM SCS/BB,GMTEMBSB,2.737,DE,0.0,04/02/2022,GMT,2,GRAN,GR
120,3820017633.0,20.0,GMT,,KD,3820017633.0,20.0,06/01/2022,BIRKENSTOCK PRODUCTIONS HESSEN GMBH,LRIBEIRO,385606845,28/01/2022,2022-01-28,04/02/2022,0.0,41000454,GRAN BD 1/2 50-55 SE SA001,1300.0,41000353,GRAN BD ESP 1/2 50-55 SE GR,1300.0,GMT-EMBALAGEM SCS/BB,GMTEMBSB,1.3,DE,0.0,28/01/2022,GMT,2,GRAN,GR
121,3820017633.0,10.0,GMT,,KD,3820017633.0,10.0,06/01/2022,BIRKENSTOCK PRODUCTIONS HESSEN GMBH,LRIBEIRO,385606890,28/01/2022,2022-01-28,04/02/2022,0.0,41000881,GRAN BD 1/2 50-55 SE BB014,3640.0,41000353,GRAN BD ESP 1/2 50-55 SE GR,3640.0,GMT-EMBALAGEM SCS/BB,GMTEMBSB,2.737,DE,0.0,28/01/2022,GMT,2,GRAN,GR
122,3820017632.0,20.0,GMT,,KD,3820017632.0,20.0,06/01/2022,BIRKENSTOCK PRODUCTIONS HESSEN GMBH,LRIBEIRO,385606844,21/01/2022,2022-01-21,28/01/2022,0.0,41000454,GRAN BD 1/2 50-55 SE SA001,1300.0,41000353,GRAN BD ESP 1/2 50-55 SE GR,1300.0,GMT-EMBALAGEM SCS/BB,GMTEMBSB,1.3,DE,0.0,21/01/2022,GMT,2,GRAN,GR
123,3820017632.0,10.0,GMT,,KD,3820017632.0,10.0,06/01/2022,BIRKENSTOCK PRODUCTIONS HESSEN GMBH,LRIBEIRO,385606889,21/01/2022,2022-01-21,28/01/2022,0.0,41000881,GRAN BD 1/2 50-55 SE BB014,3640.0,41000353,GRAN BD ESP 1/2 50-55 SE GR,3640.0,GMT-EMBALAGEM SCS/BB,GMTEMBSB,2.737,DE,0.0,21/01/2022,GMT,2,GRAN,GR
124,3820017631.0,20.0,GMT,,KD,3820017631.0,20.0,06/01/2022,BIRKENSTOCK PRODUCTIONS HESSEN GMBH,LRIBEIRO,385606843,13/01/2022,2022-01-13,21/01/2022,0.0,41000454,GRAN BD 1/2 50-55 SE SA001,1300.0,41000353,GRAN BD ESP 1/2 50-55 SE GR,1300.0,GMT-EMBALAGEM SCS/BB,GMTEMBSB,1.3,DE,0.0,13/01/2022,GMT,2,GRAN,GR
125,3820017631.0,10.0,GMT,,KD,3820017631.0,10.0,06/01/2022,BIRKENSTOCK PRODUCTIONS HESSEN GMBH,LRIBEIRO,385606888,13/01/2022,2022-01-13,21/01/2022,0.0,41000881,GRAN BD 1/2 50-55 SE BB014,3640.0,41000353,GRAN BD ESP 1/2 50-55 SE GR,3640.0,GMT-EMBALAGEM SCS/BB,GMTEMBSB,2.737,DE,0.0,13/01/2022,GMT,2,GRAN,GR
126,3820016252.0,10.0,GMT,,KD,3820016252.0,10.0,09/11/2021,GEZER AYAKKABI DERI SAN VE TIC A S,LRIBEIRO,385606834,12/01/2022,2022-01-12,19/01/2022,202152.0,41000406,GRAN BD 1/2 58-62 SE SA005,38.0,41000314,GRAN BD 1/2 58-62 SE GR,38.0,GMT-EMBALAGEM,GMTEMBAL,0.038,TR,0.0,12/01/2022,GMT,2,GRAN,GR
127,3820016134.0,10.0,iCorkFactory,,KD,3820016134.0,10.0,04/11/2021,"VAPESOL-FÁBRICA COMPONENTES P/CALÇADO,LD",DMEDEIROS,385612521,12/01/2022,2022-01-12,25/11/2021,202147.0,75000070,GRAN REV PELLETS SBS MULTICOLOR- P302 01,1000.0,75000116,GRAN REV PELLETS SBS MULTICOLOR- P302 NE,1050.0,ICF - EMBALAGEM,ICFEMBAL,18.182,PT,0.0,12/01/2022,iCorkFactory,,GRAN,NE
130,3820015786.0,10.0,GMT,,KD,3820015786.0,10.0,21/10/2021,JIFFY PRODUCTS INTERNATIONAL B.V.,COALMEIDA,385606883,12/01/2022,2022-01-12,14/01/2022,202202.0,41000530,GRAN ADT 1/2 >130 HU BB006,23000.0,41000340,GRAN ADT 1/2 >130 HU GR,23000.0,GMT-EMBALAGEM SCS/BB,GMTEMBSB,15.333,NL,0.0,12/01/2022,GMT,2,GRAN,GR
131,3820015494.0,10.0,GMT,,KD,3820015494.0,10.0,11/10/2021,TALBROS SEALING MATERIALS,DMEDEIROS,385606879,12/01/2022,2022-01-12,22/12/2021,202151.0,41000508,GRAN MD 1/2 80-90 SE FR001,196.0,41000324,GRAN MD 1/2 80-90 SE GR,196.0,GMT-EMBALAGEM,GMTEMBAL,0.363,IN,0.0,12/01/2022,GMT,2,GRAN,GR
132,3820015241.0,10.0,GMT,,KD,3820015241.0,10.0,04/10/2021,KABUSHIKIKAISHA TANAKA GIKEN CO. LTD,DMEDEIROS,385606876,12/01/2022,2022-01-12,19/01/2022,202204.0,41000499,GRAN BD 3/5 60-65 SE FR001,88.0,41000316,GRAN BD 3/4 65-75 SE GR,88.0,GMT-EMBALAGEM,GMTEMBAL,0.163,JP,0.0,12/01/2022,GMT,5,GRAN,GR
133,3820015175.0,10.0,GMT,,KD,3820015175.0,10.0,30/09/2021,HEXPOL TPE GMBH,LRIBEIRO,385606839,12/01/2022,2022-01-12,19/01/2022,202203.0,41000452,"GRAN BD 0,5/1 50-55 SE SA005",188.0,41000336,"GRAN BD 0,5/1 50-55 SE GR",188.0,GMT-EMBALAGEM SCS/BB,GMTEMBSB,0.188,DE,0.0,12/01/2022,GMT,1,GRAN,GR
134,3820014129.0,40.0,GMT,,KD,3820014129.0,40.0,19/08/2021,ROYAL CONTA SAN. VE TIC. A.S.,LRIBEIRO,385606887,12/01/2022,2022-01-12,19/01/2022,202145.0,41000824,GRAN BD 2/3 60-65 HU FR001,60.0,41000309,GRAN BD 2/3 65-70 HU GR,60.0,GMT-EMBALAGEM,GMTEMBAL,0.148,TR,0.0,12/01/2022,GMT,3,GRAN,GR
135,3820013370.0,10.0,GMT,,KD,3820013370.0,10.0,20/07/2021,TARANTO SAN JUAN S.A.,DMEDEIROS,385606877,12/01/2022,2022-01-12,22/10/2021,202142.0,41000506,"GRAN MD 0,5/1 75-85 SE FR001",12060.0,41000322,"GRAN MD 0,5/1 75-85 SE GR",12060.0,GMT-EMBALAGEM,GMTEMBAL,21.73,AR,0.0,12/01/2022,GMT,1,GRAN,GR
136,3820013206.0,20.0,GMT,,KD,3820013206.0,20.0,13/07/2021,VIZARD TERLIK AYAKKABI MEDIKAL,LRIBEIRO,385606835,12/01/2022,2022-01-12,05/08/2021,202131.0,41000407,GRAN BD 1/2 58-62 SE SA004,300.0,41000314,GRAN BD 1/2 58-62 SE GR,300.0,GMT-EMBALAGEM,GMTEMBAL,0.3,TR,0.0,12/01/2022,GMT,2,GRAN,GR
137,3820012162.0,50.0,GMT,,KD,3820012162.0,50.0,09/06/2021,ISOLCORK SPA,DMEDEIROS,385606910,12/01/2022,2022-01-12,19/01/2022,202143.0,41001010,"GRAN BD 0,5/0,8 58-62 SE SA003",116.0,41001009,"GRAN BD 0,5/0,8 58-62 SE GR",116.0,GMT-EMBALAGEM,GMTEMBAL,0.116,CL,0.0,12/01/2022,GMT,"0,8",GRAN,GR
139,3820011794.0,40.0,GMT,,KD,3820011794.0,40.0,26/05/2021,"KUO MOTOR, S.A. DE C.V.",DMEDEIROS,385606875,12/01/2022,2022-01-12,19/01/2022,0.0,41000498,GRAN BD 3/4 65-75 SE FR001,1000.0,41000316,GRAN BD 3/4 65-75 SE GR,1000.0,GMT-EMBALAGEM,GMTEMBAL,2.469,MX,0.0,12/01/2022,GMT,4,GRAN,GR
140,3820011794.0,30.0,GMT,,KD,3820011794.0,30.0,26/05/2021,"KUO MOTOR, S.A. DE C.V.",DMEDEIROS,385606836,12/01/2022,2022-01-12,19/01/2022,0.0,41000414,GRAN BD 3/4 65-75 SE SA001,25.0,41000316,GRAN BD 3/4 65-75 SE GR,25.0,GMT-EMBALAGEM,GMTEMBAL,0.025,MX,0.0,12/01/2022,GMT,4,GRAN,GR
141,3820011794.0,20.0,GMT,,KD,3820011794.0,20.0,26/05/2021,"KUO MOTOR, S.A. DE C.V.",DMEDEIROS,385606880,12/01/2022,2022-01-12,19/01/2022,202203.0,41000517,"GRAN AD M3 1,5/2 70-100 SE FR001",1991.0,41000355,"GRAN AD M3 1,5/2 70-100 SE GR",1991.0,GMT-EMBALAGEM,GMTEMBAL,3.687,MX,0.0,12/01/2022,GMT,2,GRAN,GR
157,3820010619.0,110.0,iCorkFactory,,KD,3820010619.0,110.0,19/04/2021,ALFOS - FÁBRICA DE SOLAS LDA,DMEDEIROS,385612520,12/01/2022,2022-01-13,19/01/2022,202203.0,75000068,GRAN REV PELLETS SBS BRANCO - P305 01,328.0,75000115,GRAN REV PELLETS SBS BRANCO - P305 NE,344.4,ICF - EMBALAGEM,ICFEMBAL,6.56,PT,0.0,13/01/2022,iCorkFactory,,GRAN,NE
