,centro de trabalho,acabamento,semana,carga ocupada
0,CCSPRESG,Qualquer,29,2180.7
1,CCSPRESG,Qualquer,30,487.8600000000001
2,CCSPRESG,Qualquer,31,401.4000000000001
3,CCSPRESG,Qualquer,32,0.0
4,CCSPRESG,Qualquer,33,0.0
5,CCSPRESG,Qualquer,34,0.0
6,CCSPRESG,Qualquer,35,0.0
7,CCSPRESG,Qualquer,36,1.199999999999818
8,CCSPRESG,Qualquer,37,1000.0200000000001
9,CCSPRESG,Qualquer,38,264.2399999999998
10,CCSPRESG,Qualquer,39,0.0
11,CCSPRESG,Qualquer,40,0.0
12,CCSPRESG,Qualquer,41,77.03999999999996
13,CCSPRESG,Qualquer,42,69.23999999999978
14,CCSPRESG,Qualquer,43,0.0
15,CCSPRESG,Qualquer,44,0.0
16,CCSPRESG,Qualquer,45,0.0
17,CCSPRESG,Qualquer,46,69.23999999999978
18,CCSPRESG,Qualquer,47,0.0
19,CCSPRESG,Qualquer,48,0.0
20,CCSPRESG,Qualquer,49,0.0
21,CCSPRESG,Qualquer,50,0.0
22,CCSPRESG,Qualquer,51,0.0
23,CCSPRESG,Qualquer,52,0.0
24,CCSPRESG,Qualquer,53,0.0
25,CCSSECME,Qualquer,29,4213.2
26,CCSSECME,Qualquer,30,1824.3600000000006
27,CCSSECME,Qualquer,31,438.0600000000013
28,CCSSECME,Qualquer,32,0.0
29,CCSSECME,Qualquer,33,0.0
30,CCSSECME,Qualquer,34,0.0
31,CCSSECME,Qualquer,35,1106.6999999999998
32,CCSSECME,Qualquer,36,106.02000000000044
33,CCSSECME,Qualquer,37,1243.1400000000003
34,CCSSECME,Qualquer,38,216.72000000000116
35,CCSSECME,Qualquer,39,0.0
36,CCSSECME,Qualquer,40,0.0
37,CCSSECME,Qualquer,41,0.0
38,CCSSECME,Qualquer,42,161.27999999999975
39,CCSSECME,Qualquer,43,0.0
40,CCSSECME,Qualquer,44,0.0
41,CCSSECME,Qualquer,45,0.0
42,CCSSECME,Qualquer,46,153.0600000000004
43,CCSSECME,Qualquer,47,991.5
44,CCSSECME,Qualquer,48,0.0
45,CCSSECME,Qualquer,49,0.0
46,CCSSECME,Qualquer,50,0.0
47,CCSSECME,Qualquer,51,0.0
48,CCSSECME,Qualquer,52,0.0
49,CCSSECME,Qualquer,53,0.0
50,CCSMTMME,Qualquer,29,1058.8200000000002
51,CCSMTMME,Qualquer,30,986.2799999999997
52,CCSMTMME,Qualquer,31,405.8399999999997
53,CCSMTMME,Qualquer,32,0.0
54,CCSMTMME,Qualquer,33,0.0
55,CCSMTMME,Qualquer,34,0.0
56,CCSMTMME,Qualquer,35,0.0
57,CCSMTMME,Qualquer,36,0.0
58,CCSMTMME,Qualquer,37,0.0
59,CCSMTMME,Qualquer,38,174.29999999999973
60,CCSMTMME,Qualquer,39,0.0
61,CCSMTMME,Qualquer,40,0.0
62,CCSMTMME,Qualquer,41,43.61999999999989
63,CCSMTMME,Qualquer,42,0.0
64,CCSMTMME,Qualquer,43,0.0
65,CCSMTMME,Qualquer,44,0.0
66,CCSMTMME,Qualquer,45,0.0
67,CCSMTMME,Qualquer,46,0.0
68,CCSMTMME,Qualquer,47,0.0
69,CCSMTMME,Qualquer,48,0.0
70,CCSMTMME,Qualquer,49,0.0
71,CCSMTMME,Qualquer,50,0.0
72,CCSMTMME,Qualquer,51,0.0
73,CCSMTMME,Qualquer,52,0.0
74,CCSMTMME,Qualquer,53,0.0
75,CCSEMBME,Qualquer,29,1556.2200000000003
76,CCSEMBME,Qualquer,30,2470.5599999999995
77,CCSEMBME,Qualquer,31,4319.04
78,CCSEMBME,Qualquer,32,0.0
79,CCSEMBME,Qualquer,33,0.0
80,CCSEMBME,Qualquer,34,648.0
81,CCSEMBME,Qualquer,35,148.79999999999973
82,CCSEMBME,Qualquer,36,0.0
83,CCSEMBME,Qualquer,37,45.0
84,CCSEMBME,Qualquer,38,746.5799999999999
85,CCSEMBME,Qualquer,39,45.48000000000002
86,CCSEMBME,Qualquer,40,0.0
87,CCSEMBME,Qualquer,41,43.61999999999989
88,CCSEMBME,Qualquer,42,442.44000000000005
89,CCSEMBME,Qualquer,43,0.0
90,CCSEMBME,Qualquer,44,0.0
91,CCSEMBME,Qualquer,45,0.0
92,CCSEMBME,Qualquer,46,455.2800000000002
93,CCSEMBME,Qualquer,47,0.0
94,CCSEMBME,Qualquer,48,0.0
95,CCSEMBME,Qualquer,49,0.0
96,CCSEMBME,Qualquer,50,0.0
97,CCSEMBME,Qualquer,51,0.0
98,CCSEMBME,Qualquer,52,0.0
99,CCSEMBME,Qualquer,53,0.0
100,CCSMTAME,Qualquer,29,279.0
101,CCSMTAME,Qualquer,30,72.0
102,CCSMTAME,Qualquer,31,240.0
103,CCSMTAME,Qualquer,32,0.0
104,CCSMTAME,Qualquer,33,0.0
105,CCSMTAME,Qualquer,34,0.0
106,CCSMTAME,Qualquer,35,0.0
107,CCSMTAME,Qualquer,36,0.0
108,CCSMTAME,Qualquer,37,0.0
109,CCSMTAME,Qualquer,38,108.0
110,CCSMTAME,Qualquer,39,0.0
111,CCSMTAME,Qualquer,40,0.0
112,CCSMTAME,Qualquer,41,0.0
113,CCSMTAME,Qualquer,42,0.0
114,CCSMTAME,Qualquer,43,0.0
115,CCSMTAME,Qualquer,44,0.0
116,CCSMTAME,Qualquer,45,0.0
117,CCSMTAME,Qualquer,46,0.0
118,CCSMTAME,Qualquer,47,0.0
119,CCSMTAME,Qualquer,48,0.0
120,CCSMTAME,Qualquer,49,0.0
121,CCSMTAME,Qualquer,50,0.0
122,CCSMTAME,Qualquer,51,0.0
123,CCSMTAME,Qualquer,52,0.0
124,CCSMTAME,Qualquer,53,0.0
125,CCSLIXPL,Qualquer,29,0.0
126,CCSLIXPL,Qualquer,30,35.27999999999997
127,CCSLIXPL,Qualquer,31,14.099999999999909
128,CCSLIXPL,Qualquer,32,0.0
129,CCSLIXPL,Qualquer,33,0.0
130,CCSLIXPL,Qualquer,34,0.0
131,CCSLIXPL,Qualquer,35,0.0
132,CCSLIXPL,Qualquer,36,0.0
133,CCSLIXPL,Qualquer,37,0.0
134,CCSLIXPL,Qualquer,38,17.819999999999936
135,CCSLIXPL,Qualquer,39,0.0
136,CCSLIXPL,Qualquer,40,0.0
137,CCSLIXPL,Qualquer,41,0.0
138,CCSLIXPL,Qualquer,42,17.819999999999936
139,CCSLIXPL,Qualquer,43,0.0
140,CCSLIXPL,Qualquer,44,0.0
141,CCSLIXPL,Qualquer,45,0.0
142,CCSLIXPL,Qualquer,46,17.819999999999936
143,CCSLIXPL,Qualquer,47,0.0
144,CCSLIXPL,Qualquer,48,0.0
145,CCSLIXPL,Qualquer,49,0.0
146,CCSLIXPL,Qualquer,50,0.0
147,CCSLIXPL,Qualquer,51,0.0
148,CCSLIXPL,Qualquer,52,0.0
149,CCSLIXPL,Qualquer,53,0.0
150,CCSCMEAC,Qualquer,29,955.8000000000002
151,CCSCMEAC,Qualquer,30,752.2799999999997
152,CCSCMEAC,Qualquer,31,73.86000000000013
153,CCSCMEAC,Qualquer,32,0.0
154,CCSCMEAC,Qualquer,33,0.0
155,CCSCMEAC,Qualquer,34,0.0
156,CCSCMEAC,Qualquer,35,123.53999999999996
157,CCSCMEAC,Qualquer,36,259.0799999999999
158,CCSCMEAC,Qualquer,37,0.0
159,CCSCMEAC,Qualquer,38,93.23999999999978
160,CCSCMEAC,Qualquer,39,0.0
161,CCSCMEAC,Qualquer,40,0.0
162,CCSCMEAC,Qualquer,41,0.0
163,CCSCMEAC,Qualquer,42,93.23999999999978
164,CCSCMEAC,Qualquer,43,0.0
165,CCSCMEAC,Qualquer,44,0.0
166,CCSCMEAC,Qualquer,45,0.0
167,CCSCMEAC,Qualquer,46,93.23999999999978
168,CCSCMEAC,Qualquer,47,0.0
169,CCSCMEAC,Qualquer,48,0.0
170,CCSCMEAC,Qualquer,49,0.0
171,CCSCMEAC,Qualquer,50,0.0
172,CCSCMEAC,Qualquer,51,0.0
173,CCSCMEAC,Qualquer,52,0.0
174,CCSCMEAC,Qualquer,53,0.0
175,CCSHOTAC,Qualquer,29,1592.46
176,CCSHOTAC,Qualquer,30,1946.04
177,CCSHOTAC,Qualquer,31,2628.18
178,CCSHOTAC,Qualquer,32,2817.7799999999997
179,CCSHOTAC,Qualquer,33,0.0
180,CCSHOTAC,Qualquer,34,0.0
181,CCSHOTAC,Qualquer,35,2817.7799999999997
182,CCSHOTAC,Qualquer,36,2817.7799999999997
183,CCSHOTAC,Qualquer,37,2817.7799999999997
184,CCSHOTAC,Qualquer,38,0.0
185,CCSHOTAC,Qualquer,39,0.0
186,CCSHOTAC,Qualquer,40,0.0
187,CCSHOTAC,Qualquer,41,0.0
188,CCSHOTAC,Qualquer,42,0.0
189,CCSHOTAC,Qualquer,43,0.0
190,CCSHOTAC,Qualquer,44,0.0
191,CCSHOTAC,Qualquer,45,0.0
192,CCSHOTAC,Qualquer,46,0.0
193,CCSHOTAC,Qualquer,47,0.0
194,CCSHOTAC,Qualquer,48,0.0
195,CCSHOTAC,Qualquer,49,0.0
196,CCSHOTAC,Qualquer,50,0.0
197,CCSHOTAC,Qualquer,51,0.0
198,CCSHOTAC,Qualquer,52,0.0
199,CCSHOTAC,Qualquer,53,0.0
200,CCSLXRAC,Qualquer,29,0.0
201,CCSLXRAC,Qualquer,30,0.0
202,CCSLXRAC,Qualquer,31,0.0
203,CCSLXRAC,Qualquer,32,0.0
204,CCSLXRAC,Qualquer,33,0.0
205,CCSLXRAC,Qualquer,34,0.0
206,CCSLXRAC,Qualquer,35,0.0
207,CCSLXRAC,Qualquer,36,0.0
208,CCSLXRAC,Qualquer,37,0.0
209,CCSLXRAC,Qualquer,38,0.0
210,CCSLXRAC,Qualquer,39,0.0
211,CCSLXRAC,Qualquer,40,0.0
212,CCSLXRAC,Qualquer,41,0.0
213,CCSLXRAC,Qualquer,42,0.0
214,CCSLXRAC,Qualquer,43,0.0
215,CCSLXRAC,Qualquer,44,0.0
216,CCSLXRAC,Qualquer,45,0.0
217,CCSLXRAC,Qualquer,46,0.0
218,CCSLXRAC,Qualquer,47,0.0
219,CCSLXRAC,Qualquer,48,0.0
220,CCSLXRAC,Qualquer,49,0.0
221,CCSLXRAC,Qualquer,50,0.0
222,CCSLXRAC,Qualquer,51,0.0
223,CCSLXRAC,Qualquer,52,0.0
224,CCSLXRAC,Qualquer,53,0.0
225,CCSPINAC,Qualquer,29,2603.1
226,CCSPINAC,Qualquer,30,1032.78
227,CCSPINAC,Qualquer,31,673.3199999999999
228,CCSPINAC,Qualquer,32,0.0
229,CCSPINAC,Qualquer,33,0.0
230,CCSPINAC,Qualquer,34,33.36
231,CCSPINAC,Qualquer,35,35.820000000000164
232,CCSPINAC,Qualquer,36,709.8
233,CCSPINAC,Qualquer,37,418.55999999999995
234,CCSPINAC,Qualquer,38,709.0799999999999
235,CCSPINAC,Qualquer,39,511.20000000000005
236,CCSPINAC,Qualquer,40,0.0
237,CCSPINAC,Qualquer,41,0.0
238,CCSPINAC,Qualquer,42,720.0
239,CCSPINAC,Qualquer,43,0.0
240,CCSPINAC,Qualquer,44,235.62
241,CCSPINAC,Qualquer,45,0.0
242,CCSPINAC,Qualquer,46,109.07999999999993
243,CCSPINAC,Qualquer,47,0.0
244,CCSPINAC,Qualquer,48,0.0
245,CCSPINAC,Qualquer,49,0.0
246,CCSPINAC,Qualquer,50,0.0
247,CCSPINAC,Qualquer,51,66.66000000000008
248,CCSPINAC,Qualquer,52,400.02
249,CCSPINAC,Qualquer,53,0.0
250,CCSREBAC,Qualquer,29,612.54
251,CCSREBAC,Qualquer,30,960.0
252,CCSREBAC,Qualquer,31,0.0
253,CCSREBAC,Qualquer,32,0.0
254,CCSREBAC,Qualquer,33,0.0
255,CCSREBAC,Qualquer,34,0.0
256,CCSREBAC,Qualquer,35,48.840000000000146
257,CCSREBAC,Qualquer,36,239.15999999999985
258,CCSREBAC,Qualquer,37,0.0
259,CCSREBAC,Qualquer,38,0.0
260,CCSREBAC,Qualquer,39,0.0
261,CCSREBAC,Qualquer,40,0.0
262,CCSREBAC,Qualquer,41,0.0
263,CCSREBAC,Qualquer,42,0.0
264,CCSREBAC,Qualquer,43,0.0
265,CCSREBAC,Qualquer,44,0.0
266,CCSREBAC,Qualquer,45,0.0
267,CCSREBAC,Qualquer,46,0.0
268,CCSREBAC,Qualquer,47,0.0
269,CCSREBAC,Qualquer,48,0.0
270,CCSREBAC,Qualquer,49,0.0
271,CCSREBAC,Qualquer,50,0.0
272,CCSREBAC,Qualquer,51,0.0
273,CCSREBAC,Qualquer,52,0.0
274,CCSREBAC,Qualquer,53,0.0
275,CCSEBAAC,Qualquer,29,703.3200000000002
276,CCSEBAAC,Qualquer,30,825.1199999999999
277,CCSEBAAC,Qualquer,31,0.0
278,CCSEBAAC,Qualquer,32,0.0
279,CCSEBAAC,Qualquer,33,0.0
280,CCSEBAAC,Qualquer,34,0.0
281,CCSEBAAC,Qualquer,35,0.0
282,CCSEBAAC,Qualquer,36,292.98
283,CCSEBAAC,Qualquer,37,0.0
284,CCSEBAAC,Qualquer,38,0.0
285,CCSEBAAC,Qualquer,39,0.0
286,CCSEBAAC,Qualquer,40,0.0
287,CCSEBAAC,Qualquer,41,0.0
288,CCSEBAAC,Qualquer,42,0.0
289,CCSEBAAC,Qualquer,43,0.0
290,CCSEBAAC,Qualquer,44,0.0
291,CCSEBAAC,Qualquer,45,0.0
292,CCSEBAAC,Qualquer,46,0.0
293,CCSEBAAC,Qualquer,47,0.0
294,CCSEBAAC,Qualquer,48,0.0
295,CCSEBAAC,Qualquer,49,0.0
296,CCSEBAAC,Qualquer,50,0.0
297,CCSEBAAC,Qualquer,51,0.0
298,CCSEBAAC,Qualquer,52,0.0
299,CCSEBAAC,Qualquer,53,0.0
300,CCSBALMQ,Qualquer,29,0.0
301,CCSBALMQ,Qualquer,30,0.0
302,CCSBALMQ,Qualquer,31,0.0
303,CCSBALMQ,Qualquer,32,0.0
304,CCSBALMQ,Qualquer,33,0.0
305,CCSBALMQ,Qualquer,34,0.0
306,CCSBALMQ,Qualquer,35,0.0
307,CCSBALMQ,Qualquer,36,0.0
308,CCSBALMQ,Qualquer,37,144.0
309,CCSBALMQ,Qualquer,38,0.0
310,CCSBALMQ,Qualquer,39,0.0
311,CCSBALMQ,Qualquer,40,30.24000000000001
312,CCSBALMQ,Qualquer,41,0.0
313,CCSBALMQ,Qualquer,42,0.0
314,CCSBALMQ,Qualquer,43,0.0
315,CCSBALMQ,Qualquer,44,0.0
316,CCSBALMQ,Qualquer,45,0.0
317,CCSBALMQ,Qualquer,46,0.0
318,CCSBALMQ,Qualquer,47,0.0
319,CCSBALMQ,Qualquer,48,0.0
320,CCSBALMQ,Qualquer,49,0.0
321,CCSBALMQ,Qualquer,50,0.0
322,CCSBALMQ,Qualquer,51,0.0
323,CCSBALMQ,Qualquer,52,0.0
324,CCSBALMQ,Qualquer,53,0.0
325,CCSPARAF,Qualquer,29,112.13999999999987
326,CCSPARAF,Qualquer,30,40.01999999999998
327,CCSPARAF,Qualquer,31,16.019999999999982
328,CCSPARAF,Qualquer,32,0.0
329,CCSPARAF,Qualquer,33,0.0
330,CCSPARAF,Qualquer,34,0.0
331,CCSPARAF,Qualquer,35,0.0
332,CCSPARAF,Qualquer,36,16.319999999999936
333,CCSPARAF,Qualquer,37,0.0
334,CCSPARAF,Qualquer,38,20.220000000000027
335,CCSPARAF,Qualquer,39,0.0
336,CCSPARAF,Qualquer,40,3.480000000000018
337,CCSPARAF,Qualquer,41,0.0
338,CCSPARAF,Qualquer,42,20.220000000000027
339,CCSPARAF,Qualquer,43,0.0
340,CCSPARAF,Qualquer,44,0.0
341,CCSPARAF,Qualquer,45,0.0
342,CCSPARAF,Qualquer,46,20.220000000000027
343,CCSPARAF,Qualquer,47,0.0
344,CCSPARAF,Qualquer,48,0.0
345,CCSPARAF,Qualquer,49,0.0
346,CCSPARAF,Qualquer,50,0.0
347,CCSPARAF,Qualquer,51,0.0
348,CCSPARAF,Qualquer,52,0.0
349,CCSPARAF,Qualquer,53,0.0
350,CCSEBMTR,Qualquer,29,342.0
351,CCSEBMTR,Qualquer,30,789.5400000000004
352,CCSEBMTR,Qualquer,31,0.0
353,CCSEBMTR,Qualquer,32,0.0
354,CCSEBMTR,Qualquer,33,0.0
355,CCSEBMTR,Qualquer,34,1721.88
356,CCSEBMTR,Qualquer,35,216.0
357,CCSEBMTR,Qualquer,36,1212.1799999999998
358,CCSEBMTR,Qualquer,37,216.0
359,CCSEBMTR,Qualquer,38,864.0
360,CCSEBMTR,Qualquer,39,288.0
361,CCSEBMTR,Qualquer,40,144.0
362,CCSEBMTR,Qualquer,41,241.07999999999993
363,CCSEBMTR,Qualquer,42,0.0
364,CCSEBMTR,Qualquer,43,0.0
365,CCSEBMTR,Qualquer,44,0.0
366,CCSEBMTR,Qualquer,45,0.0
367,CCSEBMTR,Qualquer,46,0.0
368,CCSEBMTR,Qualquer,47,0.0
369,CCSEBMTR,Qualquer,48,0.0
370,CCSEBMTR,Qualquer,49,0.0
371,CCSEBMTR,Qualquer,50,0.0
372,CCSEBMTR,Qualquer,51,0.0
373,CCSEBMTR,Qualquer,52,0.0
374,CCSEBMTR,Qualquer,53,0.0
375,CCSTRIVM,Qualquer,29,150.0
376,CCSTRIVM,Qualquer,30,0.0
377,CCSTRIVM,Qualquer,31,0.0
378,CCSTRIVM,Qualquer,32,0.0
379,CCSTRIVM,Qualquer,33,0.0
380,CCSTRIVM,Qualquer,34,0.0
381,CCSTRIVM,Qualquer,35,0.0
382,CCSTRIVM,Qualquer,36,712.3199999999997
383,CCSTRIVM,Qualquer,37,0.0
384,CCSTRIVM,Qualquer,38,0.0
385,CCSTRIVM,Qualquer,39,0.0
386,CCSTRIVM,Qualquer,40,0.0
387,CCSTRIVM,Qualquer,41,0.0
388,CCSTRIVM,Qualquer,42,0.0
389,CCSTRIVM,Qualquer,43,0.0
390,CCSTRIVM,Qualquer,44,0.0
391,CCSTRIVM,Qualquer,45,0.0
392,CCSTRIVM,Qualquer,46,0.0
393,CCSTRIVM,Qualquer,47,0.0
394,CCSTRIVM,Qualquer,48,0.0
395,CCSTRIVM,Qualquer,49,0.0
396,CCSTRIVM,Qualquer,50,0.0
397,CCSTRIVM,Qualquer,51,0.0
398,CCSTRIVM,Qualquer,52,0.0
399,CCSTRIVM,Qualquer,53,0.0
400,CCSTRIVA,Qualquer,29,2830.02
401,CCSTRIVA,Qualquer,30,3348.54
402,CCSTRIVA,Qualquer,31,528.8999999999999
403,CCSTRIVA,Qualquer,32,0.0
404,CCSTRIVA,Qualquer,33,0.0
405,CCSTRIVA,Qualquer,34,341.09999999999997
406,CCSTRIVA,Qualquer,35,469.5
407,CCSTRIVA,Qualquer,36,825.3
408,CCSTRIVA,Qualquer,37,600.0
409,CCSTRIVA,Qualquer,38,286.74
410,CCSTRIVA,Qualquer,39,0.0
411,CCSTRIVA,Qualquer,40,0.0
412,CCSTRIVA,Qualquer,41,860.94
413,CCSTRIVA,Qualquer,42,0.0
414,CCSTRIVA,Qualquer,43,0.0
415,CCSTRIVA,Qualquer,44,0.0
416,CCSTRIVA,Qualquer,45,0.0
417,CCSTRIVA,Qualquer,46,0.0
418,CCSTRIVA,Qualquer,47,0.0
419,CCSTRIVA,Qualquer,48,0.0
420,CCSTRIVA,Qualquer,49,0.0
421,CCSTRIVA,Qualquer,50,0.0
422,CCSTRIVA,Qualquer,51,199.98000000000002
423,CCSTRIVA,Qualquer,52,0.0
424,CCSTRIVA,Qualquer,53,0.0
425,CCSDIVMQ,Qualquer,29,0.0
426,CCSDIVMQ,Qualquer,30,0.0
427,CCSDIVMQ,Qualquer,31,0.0
428,CCSDIVMQ,Qualquer,32,0.0
429,CCSDIVMQ,Qualquer,33,0.0
430,CCSDIVMQ,Qualquer,34,0.0
431,CCSDIVMQ,Qualquer,35,0.0
432,CCSDIVMQ,Qualquer,36,0.0
433,CCSDIVMQ,Qualquer,37,0.0
434,CCSDIVMQ,Qualquer,38,0.0
435,CCSDIVMQ,Qualquer,39,0.0
436,CCSDIVMQ,Qualquer,40,0.0
437,CCSDIVMQ,Qualquer,41,0.0
438,CCSDIVMQ,Qualquer,42,0.0
439,CCSDIVMQ,Qualquer,43,0.0
440,CCSDIVMQ,Qualquer,44,0.0
441,CCSDIVMQ,Qualquer,45,0.0
442,CCSDIVMQ,Qualquer,46,0.0
443,CCSDIVMQ,Qualquer,47,0.0
444,CCSDIVMQ,Qualquer,48,0.0
445,CCSDIVMQ,Qualquer,49,0.0
446,CCSDIVMQ,Qualquer,50,0.0
447,CCSDIVMQ,Qualquer,51,0.0
448,CCSDIVMQ,Qualquer,52,0.0
449,CCSDIVMQ,Qualquer,53,0.0
450,CCSCNCMQ,Qualquer,29,738.48
451,CCSCNCMQ,Qualquer,30,0.0
452,CCSCNCMQ,Qualquer,31,0.0
453,CCSCNCMQ,Qualquer,32,0.0
454,CCSCNCMQ,Qualquer,33,0.0
455,CCSCNCMQ,Qualquer,34,0.0
456,CCSCNCMQ,Qualquer,35,0.0
457,CCSCNCMQ,Qualquer,36,0.0
458,CCSCNCMQ,Qualquer,37,0.0
459,CCSCNCMQ,Qualquer,38,0.0
460,CCSCNCMQ,Qualquer,39,0.0
461,CCSCNCMQ,Qualquer,40,0.0
462,CCSCNCMQ,Qualquer,41,0.0
463,CCSCNCMQ,Qualquer,42,0.0
464,CCSCNCMQ,Qualquer,43,0.0
465,CCSCNCMQ,Qualquer,44,0.0
466,CCSCNCMQ,Qualquer,45,0.0
467,CCSCNCMQ,Qualquer,46,0.0
468,CCSCNCMQ,Qualquer,47,0.0
469,CCSCNCMQ,Qualquer,48,0.0
470,CCSCNCMQ,Qualquer,49,0.0
471,CCSCNCMQ,Qualquer,50,0.0
472,CCSCNCMQ,Qualquer,51,0.0
473,CCSCNCMQ,Qualquer,52,0.0
474,CCSCNCMQ,Qualquer,53,0.0
475,CCSENRAC,Qualquer,29,0.0
476,CCSENRAC,Qualquer,30,0.0
477,CCSENRAC,Qualquer,31,0.0
478,CCSENRAC,Qualquer,32,0.0
479,CCSENRAC,Qualquer,33,0.0
480,CCSENRAC,Qualquer,34,0.0
481,CCSENRAC,Qualquer,35,0.0
482,CCSENRAC,Qualquer,36,0.0
483,CCSENRAC,Qualquer,37,0.0
484,CCSENRAC,Qualquer,38,0.0
485,CCSENRAC,Qualquer,39,0.0
486,CCSENRAC,Qualquer,40,0.0
487,CCSENRAC,Qualquer,41,0.0
488,CCSENRAC,Qualquer,42,0.0
489,CCSENRAC,Qualquer,43,0.0
490,CCSENRAC,Qualquer,44,0.0
491,CCSENRAC,Qualquer,45,0.0
492,CCSENRAC,Qualquer,46,0.0
493,CCSENRAC,Qualquer,47,0.0
494,CCSENRAC,Qualquer,48,0.0
495,CCSENRAC,Qualquer,49,0.0
496,CCSENRAC,Qualquer,50,0.0
497,CCSENRAC,Qualquer,51,0.0
498,CCSENRAC,Qualquer,52,0.0
499,CCSENRAC,Qualquer,53,0.0
500,CCSJATAG,Qualquer,29,0.0
501,CCSJATAG,Qualquer,30,0.0
502,CCSJATAG,Qualquer,31,0.0
503,CCSJATAG,Qualquer,32,0.0
504,CCSJATAG,Qualquer,33,0.0
505,CCSJATAG,Qualquer,34,0.0
506,CCSJATAG,Qualquer,35,0.0
507,CCSJATAG,Qualquer,36,85.74000000000001
508,CCSJATAG,Qualquer,37,40.01999999999998
509,CCSJATAG,Qualquer,38,0.0
510,CCSJATAG,Qualquer,39,0.0
511,CCSJATAG,Qualquer,40,0.0
512,CCSJATAG,Qualquer,41,0.0
513,CCSJATAG,Qualquer,42,0.0
514,CCSJATAG,Qualquer,43,0.0
515,CCSJATAG,Qualquer,44,0.0
516,CCSJATAG,Qualquer,45,0.0
517,CCSJATAG,Qualquer,46,0.0
518,CCSJATAG,Qualquer,47,0.0
519,CCSJATAG,Qualquer,48,0.0
520,CCSJATAG,Qualquer,49,0.0
521,CCSJATAG,Qualquer,50,0.0
522,CCSJATAG,Qualquer,51,0.0
523,CCSJATAG,Qualquer,52,0.0
524,CCSJATAG,Qualquer,53,0.0
525,CCSVULJT,Qualquer,29,0.0
526,CCSVULJT,Qualquer,30,0.0
527,CCSVULJT,Qualquer,31,0.0
528,CCSVULJT,Qualquer,32,0.0
529,CCSVULJT,Qualquer,33,0.0
530,CCSVULJT,Qualquer,34,0.0
531,CCSVULJT,Qualquer,35,0.0
532,CCSVULJT,Qualquer,36,1575.0
533,CCSVULJT,Qualquer,37,0.0
534,CCSVULJT,Qualquer,38,0.0
535,CCSVULJT,Qualquer,39,0.0
536,CCSVULJT,Qualquer,40,0.0
537,CCSVULJT,Qualquer,41,0.0
538,CCSVULJT,Qualquer,42,0.0
539,CCSVULJT,Qualquer,43,0.0
540,CCSVULJT,Qualquer,44,0.0
541,CCSVULJT,Qualquer,45,2025.0
542,CCSVULJT,Qualquer,46,0.0
543,CCSVULJT,Qualquer,47,0.0
544,CCSVULJT,Qualquer,48,0.0
545,CCSVULJT,Qualquer,49,0.0
546,CCSVULJT,Qualquer,50,0.0
547,CCSVULJT,Qualquer,51,0.0
548,CCSVULJT,Qualquer,52,0.0
549,CCSVULJT,Qualquer,53,0.0
550,CCSBALJT,Qualquer,29,4275.24
551,CCSBALJT,Qualquer,30,4153.9800000000005
552,CCSBALJT,Qualquer,31,3830.88
553,CCSBALJT,Qualquer,32,0.0
554,CCSBALJT,Qualquer,33,0.0
555,CCSBALJT,Qualquer,34,1690.44
556,CCSBALJT,Qualquer,35,3675.2999999999997
557,CCSBALJT,Qualquer,36,4970.04
558,CCSBALJT,Qualquer,37,3463.9200000000005
559,CCSBALJT,Qualquer,38,3850.2000000000003
560,CCSBALJT,Qualquer,39,3982.8
561,CCSBALJT,Qualquer,40,1834.98
562,CCSBALJT,Qualquer,41,2150.04
563,CCSBALJT,Qualquer,42,1321.1999999999998
564,CCSBALJT,Qualquer,43,2721.18
565,CCSBALJT,Qualquer,44,166.98000000000002
566,CCSBALJT,Qualquer,45,0.0
567,CCSBALJT,Qualquer,46,194.8199999999997
568,CCSBALJT,Qualquer,47,0.0
569,CCSBALJT,Qualquer,48,0.0
570,CCSBALJT,Qualquer,49,0.0
571,CCSBALJT,Qualquer,50,0.0
572,CCSBALJT,Qualquer,51,0.0
573,CCSBALJT,Qualquer,52,2666.6400000000003
574,CCSBALJT,Qualquer,53,0.0
575,CCSDIVJT,Qualquer,29,0.0
576,CCSDIVJT,Qualquer,30,2649.96
577,CCSDIVJT,Qualquer,31,66.72000000000003
578,CCSDIVJT,Qualquer,32,0.0
579,CCSDIVJT,Qualquer,33,0.0
580,CCSDIVJT,Qualquer,34,0.0
581,CCSDIVJT,Qualquer,35,2001.9
582,CCSDIVJT,Qualquer,36,900.5999999999999
583,CCSDIVJT,Qualquer,37,0.0
584,CCSDIVJT,Qualquer,38,1943.6399999999999
585,CCSDIVJT,Qualquer,39,0.0
586,CCSDIVJT,Qualquer,40,0.0
587,CCSDIVJT,Qualquer,41,0.0
588,CCSDIVJT,Qualquer,42,0.0
589,CCSDIVJT,Qualquer,43,0.0
590,CCSDIVJT,Qualquer,44,0.0
591,CCSDIVJT,Qualquer,45,0.0
592,CCSDIVJT,Qualquer,46,0.0
593,CCSDIVJT,Qualquer,47,0.0
594,CCSDIVJT,Qualquer,48,0.0
595,CCSDIVJT,Qualquer,49,0.0
596,CCSDIVJT,Qualquer,50,0.0
597,CCSDIVJT,Qualquer,51,0.0
598,CCSDIVJT,Qualquer,52,0.0
599,CCSDIVJT,Qualquer,53,0.0
600,CCSPRECO,Qualquer,29,0.0
601,CCSPRECO,Qualquer,30,0.0
602,CCSPRECO,Qualquer,31,0.0
603,CCSPRECO,Qualquer,32,0.0
604,CCSPRECO,Qualquer,33,0.0
605,CCSPRECO,Qualquer,34,0.0
606,CCSPRECO,Qualquer,35,2468.58
607,CCSPRECO,Qualquer,36,2488.56
608,CCSPRECO,Qualquer,37,2468.58
609,CCSPRECO,Qualquer,38,2468.58
610,CCSPRECO,Qualquer,39,2312.34
611,CCSPRECO,Qualquer,40,0.0
612,CCSPRECO,Qualquer,41,0.0
613,CCSPRECO,Qualquer,42,0.0
614,CCSPRECO,Qualquer,43,0.0
615,CCSPRECO,Qualquer,44,0.0
616,CCSPRECO,Qualquer,45,0.0
617,CCSPRECO,Qualquer,46,0.0
618,CCSPRECO,Qualquer,47,0.0
619,CCSPRECO,Qualquer,48,0.0
620,CCSPRECO,Qualquer,49,0.0
621,CCSPRECO,Qualquer,50,0.0
622,CCSPRECO,Qualquer,51,0.0
623,CCSPRECO,Qualquer,52,0.0
624,CCSPRECO,Qualquer,53,0.0
625,CCSEBKDV,Qualquer,29,1579.7999999999997
626,CCSEBKDV,Qualquer,30,1146.0
627,CCSEBKDV,Qualquer,31,0.0
628,CCSEBKDV,Qualquer,32,0.0
629,CCSEBKDV,Qualquer,33,0.0
630,CCSEBKDV,Qualquer,34,0.0
631,CCSEBKDV,Qualquer,35,0.0
632,CCSEBKDV,Qualquer,36,3600.84
633,CCSEBKDV,Qualquer,37,0.0
634,CCSEBKDV,Qualquer,38,0.0
635,CCSEBKDV,Qualquer,39,641.3399999999999
636,CCSEBKDV,Qualquer,40,1108.8
637,CCSEBKDV,Qualquer,41,1636.3799999999999
638,CCSEBKDV,Qualquer,42,748.8000000000002
639,CCSEBKDV,Qualquer,43,2272.74
640,CCSEBKDV,Qualquer,44,33.3599999999999
641,CCSEBKDV,Qualquer,45,2025.0
642,CCSEBKDV,Qualquer,46,0.0
643,CCSEBKDV,Qualquer,47,0.0
644,CCSEBKDV,Qualquer,48,0.0
645,CCSEBKDV,Qualquer,49,0.0
646,CCSEBKDV,Qualquer,50,0.0
647,CCSEBKDV,Qualquer,51,0.0
648,CCSEBKDV,Qualquer,52,0.0
649,CCSEBKDV,Qualquer,53,0.0
650,CCSEMBJT,Qualquer,29,92.03999999999996
651,CCSEMBJT,Qualquer,30,291.3599999999999
652,CCSEMBJT,Qualquer,31,177.9599999999998
653,CCSEMBJT,Qualquer,32,0.0
654,CCSEMBJT,Qualquer,33,0.0
655,CCSEMBJT,Qualquer,34,1590.8999999999999
656,CCSEMBJT,Qualquer,35,147.35999999999945
657,CCSEMBJT,Qualquer,36,161.81999999999925
658,CCSEMBJT,Qualquer,37,155.4000000000001
659,CCSEMBJT,Qualquer,38,130.55999999999995
660,CCSEMBJT,Qualquer,39,147.17999999999938
661,CCSEMBJT,Qualquer,40,117.12
662,CCSEMBJT,Qualquer,41,64832.579999999994
663,CCSEMBJT,Qualquer,42,619.6199999999999
664,CCSEMBJT,Qualquer,43,9.060000000000173
665,CCSEMBJT,Qualquer,44,0.05999999999994543
666,CCSEMBJT,Qualquer,45,0.0
667,CCSEMBJT,Qualquer,46,32.700000000000045
668,CCSEMBJT,Qualquer,47,0.0
669,CCSEMBJT,Qualquer,48,0.0
670,CCSEMBJT,Qualquer,49,0.0
671,CCSEMBJT,Qualquer,50,0.0
672,CCSEMBJT,Qualquer,51,0.0
673,CCSEMBJT,Qualquer,52,0.0
674,CCSEMBJT,Qualquer,53,0.0
675,CNMCOLBL,Qualquer,29,0.0
676,CNMCOLBL,Qualquer,30,0.0
677,CNMCOLBL,Qualquer,31,0.0
678,CNMCOLBL,Qualquer,32,0.0
679,CNMCOLBL,Qualquer,33,0.0
680,CNMCOLBL,Qualquer,34,0.0
681,CNMCOLBL,Qualquer,35,0.0
682,CNMCOLBL,Qualquer,36,0.0
683,CNMCOLBL,Qualquer,37,0.0
684,CNMCOLBL,Qualquer,38,0.0
685,CNMCOLBL,Qualquer,39,0.0
686,CNMCOLBL,Qualquer,40,0.0
687,CNMCOLBL,Qualquer,41,0.0
688,CNMCOLBL,Qualquer,42,0.0
689,CNMCOLBL,Qualquer,43,0.0
690,CNMCOLBL,Qualquer,44,0.0
691,CNMCOLBL,Qualquer,45,0.0
692,CNMCOLBL,Qualquer,46,0.0
693,CNMCOLBL,Qualquer,47,0.0
694,CNMCOLBL,Qualquer,48,0.0
695,CNMCOLBL,Qualquer,49,0.0
696,CNMCOLBL,Qualquer,50,0.0
697,CNMCOLBL,Qualquer,51,0.0
698,CNMCOLBL,Qualquer,52,0.0
699,CNMCOLBL,Qualquer,53,0.0
700,CNMLAMLX,Qualquer,29,4382.34
701,CNMLAMLX,Qualquer,30,4872.599999999999
702,CNMLAMLX,Qualquer,31,4245.0599999999995
703,CNMLAMLX,Qualquer,32,0.0
704,CNMLAMLX,Qualquer,33,0.0
705,CNMLAMLX,Qualquer,34,0.0
706,CNMLAMLX,Qualquer,35,2190.060000000001
707,CNMLAMLX,Qualquer,36,2783.8199999999997
708,CNMLAMLX,Qualquer,37,1361.6999999999998
709,CNMLAMLX,Qualquer,38,1342.0200000000004
710,CNMLAMLX,Qualquer,39,2087.1
711,CNMLAMLX,Qualquer,40,1714.6799999999998
712,CNMLAMLX,Qualquer,41,2133.0599999999995
713,CNMLAMLX,Qualquer,42,2837.399999999999
714,CNMLAMLX,Qualquer,43,1037.1
715,CNMLAMLX,Qualquer,44,1051.2600000000002
716,CNMLAMLX,Qualquer,45,1037.1
717,CNMLAMLX,Qualquer,46,2664.06
718,CNMLAMLX,Qualquer,47,1037.1
719,CNMLAMLX,Qualquer,48,1037.1
720,CNMLAMLX,Qualquer,49,2330.52
721,CNMLAMLX,Qualquer,50,525.0
722,CNMLAMLX,Qualquer,51,0.0
723,CNMLAMLX,Qualquer,52,0.0
724,CNMLAMLX,Qualquer,53,0.0
725,CNMLAMPL,Qualquer,29,12713.219999999998
726,CNMLAMPL,Qualquer,30,14719.920000000002
727,CNMLAMPL,Qualquer,31,21041.519999999993
728,CNMLAMPL,Qualquer,32,0.0
729,CNMLAMPL,Qualquer,33,0.0
730,CNMLAMPL,Qualquer,34,2090.28
731,CNMLAMPL,Qualquer,35,15421.920000000007
732,CNMLAMPL,Qualquer,36,13114.860000000004
733,CNMLAMPL,Qualquer,37,15241.920000000004
734,CNMLAMPL,Qualquer,38,16677.299999999996
735,CNMLAMPL,Qualquer,39,9045.54
736,CNMLAMPL,Qualquer,40,9506.28
737,CNMLAMPL,Qualquer,41,6379.799999999999
738,CNMLAMPL,Qualquer,42,3578.1000000000004
739,CNMLAMPL,Qualquer,43,5023.139999999999
740,CNMLAMPL,Qualquer,44,4363.02
741,CNMLAMPL,Qualquer,45,0.0
742,CNMLAMPL,Qualquer,46,290.6399999999994
743,CNMLAMPL,Qualquer,47,1414.9800000000032
744,CNMLAMPL,Qualquer,48,0.0
745,CNMLAMPL,Qualquer,49,2396.4000000000015
746,CNMLAMPL,Qualquer,50,2396.4000000000015
747,CNMLAMPL,Qualquer,51,0.0
748,CNMLAMPL,Qualquer,52,0.0
749,CNMLAMPL,Qualquer,53,0.0
750,CNMREBMA,Qualquer,29,6426.719999999999
751,CNMREBMA,Qualquer,30,6905.34
752,CNMREBMA,Qualquer,31,7041.84
753,CNMREBMA,Qualquer,32,0.0
754,CNMREBMA,Qualquer,33,0.0
755,CNMREBMA,Qualquer,34,0.0
756,CNMREBMA,Qualquer,35,7981.139999999999
757,CNMREBMA,Qualquer,36,7880.280000000001
758,CNMREBMA,Qualquer,37,4426.679999999999
759,CNMREBMA,Qualquer,38,684.2399999999998
760,CNMREBMA,Qualquer,39,0.0
761,CNMREBMA,Qualquer,40,214.92000000000007
762,CNMREBMA,Qualquer,41,470.15999999999985
763,CNMREBMA,Qualquer,42,82.26000000000022
764,CNMREBMA,Qualquer,43,470.15999999999985
765,CNMREBMA,Qualquer,44,0.0
766,CNMREBMA,Qualquer,45,470.15999999999985
767,CNMREBMA,Qualquer,46,82.26000000000022
768,CNMREBMA,Qualquer,47,79.97999999999956
769,CNMREBMA,Qualquer,48,0.0
770,CNMREBMA,Qualquer,49,0.0
771,CNMREBMA,Qualquer,50,0.0
772,CNMREBMA,Qualquer,51,0.0
773,CNMREBMA,Qualquer,52,0.0
774,CNMREBMA,Qualquer,53,0.0
775,CNMRETBL,Qualquer,29,5637.299999999999
776,CNMRETBL,Qualquer,30,7064.279999999999
777,CNMRETBL,Qualquer,31,7073.76
778,CNMRETBL,Qualquer,32,0.0
779,CNMRETBL,Qualquer,33,0.0
780,CNMRETBL,Qualquer,34,393.90000000000003
781,CNMRETBL,Qualquer,35,6162.18
782,CNMRETBL,Qualquer,36,5332.139999999999
783,CNMRETBL,Qualquer,37,4282.08
784,CNMRETBL,Qualquer,38,4513.02
785,CNMRETBL,Qualquer,39,4811.76
786,CNMRETBL,Qualquer,40,4540.62
787,CNMRETBL,Qualquer,41,2977.6799999999994
788,CNMRETBL,Qualquer,42,2088.66
789,CNMRETBL,Qualquer,43,2837.3999999999996
790,CNMRETBL,Qualquer,44,1105.92
791,CNMRETBL,Qualquer,45,606.4799999999996
792,CNMRETBL,Qualquer,46,1240.3799999999997
793,CNMRETBL,Qualquer,47,1138.6200000000003
794,CNMRETBL,Qualquer,48,1348.62
795,CNMRETBL,Qualquer,49,1175.1600000000003
796,CNMRETBL,Qualquer,50,314.34000000000015
797,CNMRETBL,Qualquer,51,95.22000000000025
798,CNMRETBL,Qualquer,52,0.0
799,CNMRETBL,Qualquer,53,0.0
800,CNMSERPL,Qualquer,29,3859.62
801,CNMSERPL,Qualquer,30,5412.84
802,CNMSERPL,Qualquer,31,5449.68
803,CNMSERPL,Qualquer,32,0.0
804,CNMSERPL,Qualquer,33,0.0
805,CNMSERPL,Qualquer,34,0.0
806,CNMSERPL,Qualquer,35,4436.4
807,CNMSERPL,Qualquer,36,3002.8199999999997
808,CNMSERPL,Qualquer,37,2903.58
809,CNMSERPL,Qualquer,38,3746.8799999999997
810,CNMSERPL,Qualquer,39,4074.959999999999
811,CNMSERPL,Qualquer,40,3727.0199999999995
812,CNMSERPL,Qualquer,41,4210.23
813,CNMSERPL,Qualquer,42,2166.1799999999994
814,CNMSERPL,Qualquer,43,2873.3999999999996
815,CNMSERPL,Qualquer,44,2151.6599999999994
816,CNMSERPL,Qualquer,45,1920.4799999999996
817,CNMSERPL,Qualquer,46,1920.4799999999996
818,CNMSERPL,Qualquer,47,2300.4599999999996
819,CNMSERPL,Qualquer,48,2247.7199999999993
820,CNMSERPL,Qualquer,49,1920.4799999999996
821,CNMSERPL,Qualquer,50,763.6199999999999
822,CNMSERPL,Qualquer,51,0.0
823,CNMSERPL,Qualquer,52,0.0
824,CNMSERPL,Qualquer,53,0.0
825,CNMSHT01,Qualquer,29,115.19999999999982
826,CNMSHT01,Qualquer,30,371.6400000000003
827,CNMSHT01,Qualquer,31,1764.2400000000002
828,CNMSHT01,Qualquer,32,0.0
829,CNMSHT01,Qualquer,33,0.0
830,CNMSHT01,Qualquer,34,0.0
831,CNMSHT01,Qualquer,35,0.0
832,CNMSHT01,Qualquer,36,0.0
833,CNMSHT01,Qualquer,37,0.0
834,CNMSHT01,Qualquer,38,1782.84
835,CNMSHT01,Qualquer,39,1782.84
836,CNMSHT01,Qualquer,40,1782.84
837,CNMSHT01,Qualquer,41,0.0
838,CNMSHT01,Qualquer,42,1782.84
839,CNMSHT01,Qualquer,43,3565.68
840,CNMSHT01,Qualquer,44,0.0
841,CNMSHT01,Qualquer,45,0.0
842,CNMSHT01,Qualquer,46,0.0
843,CNMSHT01,Qualquer,47,0.0
844,CNMSHT01,Qualquer,48,0.0
845,CNMSHT01,Qualquer,49,0.0
846,CNMSHT01,Qualquer,50,0.0
847,CNMSHT01,Qualquer,51,0.0
848,CNMSHT01,Qualquer,52,0.0
849,CNMSHT01,Qualquer,53,0.0
850,CNMSHT02,Qualquer,29,5088.54
851,CNMSHT02,Qualquer,30,9718.32
852,CNMSHT02,Qualquer,31,4098.12
853,CNMSHT02,Qualquer,32,0.0
854,CNMSHT02,Qualquer,33,0.0
855,CNMSHT02,Qualquer,34,0.0
856,CNMSHT02,Qualquer,35,10215.54
857,CNMSHT02,Qualquer,36,4074.42
858,CNMSHT02,Qualquer,37,3924.12
859,CNMSHT02,Qualquer,38,3106.32
860,CNMSHT02,Qualquer,39,4898.34
861,CNMSHT02,Qualquer,40,2634.48
862,CNMSHT02,Qualquer,41,1931.04
863,CNMSHT02,Qualquer,42,3199.98
864,CNMSHT02,Qualquer,43,1200.0
865,CNMSHT02,Qualquer,44,0.0
866,CNMSHT02,Qualquer,45,0.0
867,CNMSHT02,Qualquer,46,0.0
868,CNMSHT02,Qualquer,47,0.0
869,CNMSHT02,Qualquer,48,0.0
870,CNMSHT02,Qualquer,49,0.0
871,CNMSHT02,Qualquer,50,0.0
872,CNMSHT02,Qualquer,51,0.0
873,CNMSHT02,Qualquer,52,0.0
874,CNMSHT02,Qualquer,53,0.0
875,CNMLAMPL,Printing,29,364.1399999999999
876,CNMLAMPL,Printing,30,5619.540000000001
877,CNMLAMPL,Printing,31,1029.7600000000002
878,CNMLAMPL,Printing,32,0.0
879,CNMLAMPL,Printing,33,0.0
880,CNMLAMPL,Printing,34,0.0
881,CNMLAMPL,Printing,35,2067.9000000000005
882,CNMLAMPL,Printing,36,1077.0000000000005
883,CNMLAMPL,Printing,37,0.0
884,CNMLAMPL,Printing,38,0.0
885,CNMLAMPL,Printing,39,3331.68
886,CNMLAMPL,Printing,40,3913.86
887,CNMLAMPL,Printing,41,1161.6399999999999
888,CNMLAMPL,Printing,42,198.5999999999999
889,CNMLAMPL,Printing,43,198.5999999999999
890,CNMLAMPL,Printing,44,158.8800000000001
891,CNMLAMPL,Printing,45,0.0
892,CNMLAMPL,Printing,46,0.0
893,CNMLAMPL,Printing,47,0.0
894,CNMLAMPL,Printing,48,0.0
895,CNMLAMPL,Printing,49,0.0
896,CNMLAMPL,Printing,50,0.0
897,CNMLAMPL,Printing,51,0.0
898,CNMLAMPL,Printing,52,0.0
899,CNMLAMPL,Printing,53,0.0
900,CNMLAMPL,E01,29,328.02
901,CNMLAMPL,E01,30,601.1399999999999
902,CNMLAMPL,E01,31,920.6199999999999
903,CNMLAMPL,E01,32,0.0
904,CNMLAMPL,E01,33,0.0
905,CNMLAMPL,E01,34,0.0
906,CNMLAMPL,E01,35,198.5999999999999
907,CNMLAMPL,E01,36,1066.08
908,CNMLAMPL,E01,37,0.0
909,CNMLAMPL,E01,38,0.0
910,CNMLAMPL,E01,39,0.0
911,CNMLAMPL,E01,40,436.9200000000001
912,CNMLAMPL,E01,41,827.5
913,CNMLAMPL,E01,42,198.5999999999999
914,CNMLAMPL,E01,43,198.5999999999999
915,CNMLAMPL,E01,44,158.8800000000001
916,CNMLAMPL,E01,45,0.0
917,CNMLAMPL,E01,46,0.0
918,CNMLAMPL,E01,47,0.0
919,CNMLAMPL,E01,48,0.0
920,CNMLAMPL,E01,49,0.0
921,CNMLAMPL,E01,50,0.0
922,CNMLAMPL,E01,51,0.0
923,CNMLAMPL,E01,52,0.0
924,CNMLAMPL,E01,53,0.0
925,CRMLAMRL,Qualquer,29,19192.86
926,CRMLAMRL,Qualquer,30,23730.840000000004
927,CRMLAMRL,Qualquer,31,18972.240000000005
928,CRMLAMRL,Qualquer,32,3106.86
929,CRMLAMRL,Qualquer,33,3106.86
930,CRMLAMRL,Qualquer,34,0.0
931,CRMLAMRL,Qualquer,35,15470.640000000007
932,CRMLAMRL,Qualquer,36,12204.179999999993
933,CRMLAMRL,Qualquer,37,11747.039999999995
934,CRMLAMRL,Qualquer,38,8614.5
935,CRMLAMRL,Qualquer,39,5064.779999999999
936,CRMLAMRL,Qualquer,40,6299.88
937,CRMLAMRL,Qualquer,41,9597.66
938,CRMLAMRL,Qualquer,42,4988.1600000000035
939,CRMLAMRL,Qualquer,43,2379.9600000000028
940,CRMLAMRL,Qualquer,44,4419.719999999999
941,CRMLAMRL,Qualquer,45,931.2599999999984
942,CRMLAMRL,Qualquer,46,257.09999999999854
943,CRMLAMRL,Qualquer,47,8633.16
944,CRMLAMRL,Qualquer,48,1236.0600000000013
945,CRMLAMRL,Qualquer,49,0.0
946,CRMLAMRL,Qualquer,50,3824.6399999999994
947,CRMLAMRL,Qualquer,51,0.0
948,CRMLAMRL,Qualquer,52,0.0
949,CRMLAMRL,Qualquer,53,0.0
950,CRMRLMEI,Qualquer,29,21530.639999999996
951,CRMRLMEI,Qualquer,30,20424.960000000003
952,CRMRLMEI,Qualquer,31,21632.340000000004
953,CRMRLMEI,Qualquer,32,8319.960000000001
954,CRMRLMEI,Qualquer,33,5546.64
955,CRMRLMEI,Qualquer,34,8319.960000000001
956,CRMRLMEI,Qualquer,35,14519.219999999998
957,CRMRLMEI,Qualquer,36,18690.660000000003
958,CRMRLMEI,Qualquer,37,21323.280000000002
959,CRMRLMEI,Qualquer,38,14684.880000000006
960,CRMRLMEI,Qualquer,39,9744.420000000004
961,CRMRLMEI,Qualquer,40,8362.5
962,CRMRLMEI,Qualquer,41,5546.639999999999
963,CRMRLMEI,Qualquer,42,10725.48
964,CRMRLMEI,Qualquer,43,5811.360000000001
965,CRMRLMEI,Qualquer,44,5546.639999999999
966,CRMRLMEI,Qualquer,45,6495.959999999999
967,CRMRLMEI,Qualquer,46,10825.020000000002
968,CRMRLMEI,Qualquer,47,10504.68
969,CRMRLMEI,Qualquer,48,11642.819999999998
970,CRMRLMEI,Qualquer,49,5729.639999999999
971,CRMRLMEI,Qualquer,50,5669.34
972,CRMRLMEI,Qualquer,51,2773.3199999999997
973,CRMRLMEI,Qualquer,52,4072.74
974,CRMRLMEI,Qualquer,53,0.0
975,CRMVSMRL,Qualquer,29,4233.42
976,CRMVSMRL,Qualquer,30,2496.2999999999993
977,CRMVSMRL,Qualquer,31,4039.6799999999994
978,CRMVSMRL,Qualquer,32,2421.42
979,CRMVSMRL,Qualquer,33,2421.42
980,CRMVSMRL,Qualquer,34,0.0
981,CRMVSMRL,Qualquer,35,5101.02
982,CRMVSMRL,Qualquer,36,4208.639999999999
983,CRMVSMRL,Qualquer,37,2571.12
984,CRMVSMRL,Qualquer,38,4755.12
985,CRMVSMRL,Qualquer,39,3371.46
986,CRMVSMRL,Qualquer,40,3371.46
987,CRMVSMRL,Qualquer,41,4137.66
988,CRMVSMRL,Qualquer,42,3371.46
989,CRMVSMRL,Qualquer,43,0.0
990,CRMVSMRL,Qualquer,44,3371.46
991,CRMVSMRL,Qualquer,45,766.1999999999998
992,CRMVSMRL,Qualquer,46,0.0
993,CRMVSMRL,Qualquer,47,0.0
994,CRMVSMRL,Qualquer,48,0.0
995,CRMVSMRL,Qualquer,49,0.0
996,CRMVSMRL,Qualquer,50,0.0
997,CRMVSMRL,Qualquer,51,0.0
998,CRMVSMRL,Qualquer,52,0.0
999,CRMVSMRL,Qualquer,53,0.0
1000,CRMDIV01,Qualquer,29,3387.0
1001,CRMDIV01,Qualquer,30,4127.76
1002,CRMDIV01,Qualquer,31,1539.0
1003,CRMDIV01,Qualquer,32,0.0
1004,CRMDIV01,Qualquer,33,0.0
1005,CRMDIV01,Qualquer,34,0.0
1006,CRMDIV01,Qualquer,35,225.0
1007,CRMDIV01,Qualquer,36,1716.8399999999997
1008,CRMDIV01,Qualquer,37,0.0
1009,CRMDIV01,Qualquer,38,0.0
1010,CRMDIV01,Qualquer,39,0.0
1011,CRMDIV01,Qualquer,40,0.0
1012,CRMDIV01,Qualquer,41,0.0
1013,CRMDIV01,Qualquer,42,0.0
1014,CRMDIV01,Qualquer,43,0.0
1015,CRMDIV01,Qualquer,44,0.0
1016,CRMDIV01,Qualquer,45,0.0
1017,CRMDIV01,Qualquer,46,0.0
1018,CRMDIV01,Qualquer,47,0.0
1019,CRMDIV01,Qualquer,48,0.0
1020,CRMDIV01,Qualquer,49,0.0
1021,CRMDIV01,Qualquer,50,0.0
1022,CRMDIV01,Qualquer,51,0.0
1023,CRMDIV01,Qualquer,52,0.0
1024,CRMDIV01,Qualquer,53,0.0
1025,CRMLAMPL,Qualquer,29,10165.5
1026,CRMLAMPL,Qualquer,30,7878.539999999995
1027,CRMLAMPL,Qualquer,31,15576.919999999998
1028,CRMLAMPL,Qualquer,32,0.0
1029,CRMLAMPL,Qualquer,33,2974.38
1030,CRMLAMPL,Qualquer,34,3961.5600000000004
1031,CRMLAMPL,Qualquer,35,10494.96
1032,CRMLAMPL,Qualquer,36,6979.200000000006
1033,CRMLAMPL,Qualquer,37,1437.300000000001
1034,CRMLAMPL,Qualquer,38,3787.9799999999977
1035,CRMLAMPL,Qualquer,39,6059.279999999999
1036,CRMLAMPL,Qualquer,40,3024.960000000001
1037,CRMLAMPL,Qualquer,41,8008.160000000002
1038,CRMLAMPL,Qualquer,42,6107.220000000001
1039,CRMLAMPL,Qualquer,43,1580.7600000000002
1040,CRMLAMPL,Qualquer,44,1090.8600000000006
1041,CRMLAMPL,Qualquer,45,0.0
1042,CRMLAMPL,Qualquer,46,3770.760000000002
1043,CRMLAMPL,Qualquer,47,11.760000000002037
1044,CRMLAMPL,Qualquer,48,0.0
1045,CRMLAMPL,Qualquer,49,0.0
1046,CRMLAMPL,Qualquer,50,4761.719999999999
1047,CRMLAMPL,Qualquer,51,87.59999999999854
1048,CRMLAMPL,Qualquer,52,0.0
1049,CRMLAMPL,Qualquer,53,0.0
1050,CRMLAMPL,Printing,29,4199.76
1051,CRMLAMPL,Printing,30,3756.8400000000006
1052,CRMLAMPL,Printing,31,4770.719999999998
1053,CRMLAMPL,Printing,32,0.0
1054,CRMLAMPL,Printing,33,0.0
1055,CRMLAMPL,Printing,34,0.0
1056,CRMLAMPL,Printing,35,3796.74
1057,CRMLAMPL,Printing,36,6264.12
1058,CRMLAMPL,Printing,37,6034.0199999999995
1059,CRMLAMPL,Printing,38,4602.42
1060,CRMLAMPL,Printing,39,1846.6200000000003
1061,CRMLAMPL,Printing,40,965.7000000000003
1062,CRMLAMPL,Printing,41,1341.1200000000008
1063,CRMLAMPL,Printing,42,310.1400000000003
1064,CRMLAMPL,Printing,43,271.8000000000002
1065,CRMLAMPL,Printing,44,217.44000000000005
1066,CRMLAMPL,Printing,45,0.0
1067,CRMLAMPL,Printing,46,410.8199999999997
1068,CRMLAMPL,Printing,47,13.079999999999927
1069,CRMLAMPL,Printing,48,915.06
1070,CRMLAMPL,Printing,49,0.0
1071,CRMLAMPL,Printing,50,0.0
1072,CRMLAMPL,Printing,51,0.0
1073,CRMLAMPL,Printing,52,0.0
1074,CRMLAMPL,Printing,53,0.0
1075,CRMSER19,Qualquer,29,3657.1200000000003
1076,CRMSER19,Qualquer,30,2044.5600000000004
1077,CRMSER19,Qualquer,31,2160.0
1078,CRMSER19,Qualquer,32,0.0
1079,CRMSER19,Qualquer,33,0.0
1080,CRMSER19,Qualquer,34,0.0
1081,CRMSER19,Qualquer,35,1296.8399999999992
1082,CRMSER19,Qualquer,36,1124.46
1083,CRMSER19,Qualquer,37,3144.0
1084,CRMSER19,Qualquer,38,60.0
1085,CRMSER19,Qualquer,39,477.96000000000004
1086,CRMSER19,Qualquer,40,0.0
1087,CRMSER19,Qualquer,41,0.0
1088,CRMSER19,Qualquer,42,3.6599999999998545
1089,CRMSER19,Qualquer,43,475.98
1090,CRMSER19,Qualquer,44,0.0
1091,CRMSER19,Qualquer,45,96.0
1092,CRMSER19,Qualquer,46,1320.0
1093,CRMSER19,Qualquer,47,2635.98
1094,CRMSER19,Qualquer,48,0.0
1095,CRMSER19,Qualquer,49,0.0
1096,CRMSER19,Qualquer,50,0.0
1097,CRMSER19,Qualquer,51,0.0
1098,CRMSER19,Qualquer,52,0.0
1099,CRMSER19,Qualquer,53,0.0
1100,CRMCOLQD,Qualquer,29,144.48000000000002
1101,CRMCOLQD,Qualquer,30,701.1
1102,CRMCOLQD,Qualquer,31,100.92000000000007
1103,CRMCOLQD,Qualquer,32,0.0
1104,CRMCOLQD,Qualquer,33,0.0
1105,CRMCOLQD,Qualquer,34,135.0
1106,CRMCOLQD,Qualquer,35,495.84000000000003
1107,CRMCOLQD,Qualquer,36,811.38
1108,CRMCOLQD,Qualquer,37,988.8599999999999
1109,CRMCOLQD,Qualquer,38,1188.06
1110,CRMCOLQD,Qualquer,39,805.7399999999999
1111,CRMCOLQD,Qualquer,40,318.78
1112,CRMCOLQD,Qualquer,41,136.98000000000002
1113,CRMCOLQD,Qualquer,42,392.70000000000005
1114,CRMCOLQD,Qualquer,43,12.0
1115,CRMCOLQD,Qualquer,44,50.69999999999999
1116,CRMCOLQD,Qualquer,45,0.0
1117,CRMCOLQD,Qualquer,46,17.159999999999968
1118,CRMCOLQD,Qualquer,47,0.0
1119,CRMCOLQD,Qualquer,48,0.0
1120,CRMCOLQD,Qualquer,49,0.0
1121,CRMCOLQD,Qualquer,50,0.0
1122,CRMCOLQD,Qualquer,51,0.0
1123,CRMCOLQD,Qualquer,52,0.0
1124,CRMCOLQD,Qualquer,53,0.0
1125,CRMLIXPL,Qualquer,29,136.6199999999999
1126,CRMLIXPL,Qualquer,30,60.419999999999845
1127,CRMLIXPL,Qualquer,31,96.0
1128,CRMLIXPL,Qualquer,32,0.0
1129,CRMLIXPL,Qualquer,33,0.0
1130,CRMLIXPL,Qualquer,34,0.0
1131,CRMLIXPL,Qualquer,35,0.0
1132,CRMLIXPL,Qualquer,36,304.02
1133,CRMLIXPL,Qualquer,37,0.0
1134,CRMLIXPL,Qualquer,38,0.0
1135,CRMLIXPL,Qualquer,39,0.0
1136,CRMLIXPL,Qualquer,40,0.0
1137,CRMLIXPL,Qualquer,41,0.0
1138,CRMLIXPL,Qualquer,42,0.0
1139,CRMLIXPL,Qualquer,43,0.0
1140,CRMLIXPL,Qualquer,44,0.0
1141,CRMLIXPL,Qualquer,45,0.0
1142,CRMLIXPL,Qualquer,46,0.0
1143,CRMLIXPL,Qualquer,47,0.0
1144,CRMLIXPL,Qualquer,48,0.0
1145,CRMLIXPL,Qualquer,49,0.0
1146,CRMLIXPL,Qualquer,50,0.0
1147,CRMLIXPL,Qualquer,51,0.0
1148,CRMLIXPL,Qualquer,52,0.0
1149,CRMLIXPL,Qualquer,53,0.0
1150,CRMGUILH,Qualquer,29,2640.1800000000003
1151,CRMGUILH,Qualquer,30,205.01999999999998
1152,CRMGUILH,Qualquer,31,80.87999999999988
1153,CRMGUILH,Qualquer,32,0.0
1154,CRMGUILH,Qualquer,33,2299.2599999999998
1155,CRMGUILH,Qualquer,34,2299.2599999999998
1156,CRMGUILH,Qualquer,35,255.36
1157,CRMGUILH,Qualquer,36,8.279999999999973
1158,CRMGUILH,Qualquer,37,77.15999999999985
1159,CRMGUILH,Qualquer,38,107.57999999999993
1160,CRMGUILH,Qualquer,39,49.25999999999999
1161,CRMGUILH,Qualquer,40,17.82000000000005
1162,CRMGUILH,Qualquer,41,2299.2599999999998
1163,CRMGUILH,Qualquer,42,162.77999999999997
1164,CRMGUILH,Qualquer,43,26.579999999999927
1165,CRMGUILH,Qualquer,44,0.0
1166,CRMGUILH,Qualquer,45,0.0
1167,CRMGUILH,Qualquer,46,144.0
1168,CRMGUILH,Qualquer,47,0.0
1169,CRMGUILH,Qualquer,48,0.0
1170,CRMGUILH,Qualquer,49,0.0
1171,CRMGUILH,Qualquer,50,553.5
1172,CRMGUILH,Qualquer,51,0.0
1173,CRMGUILH,Qualquer,52,0.0
1174,CRMGUILH,Qualquer,53,0.0
1175,CRMLAMPL,Manual,29,5.939999999944121
1176,CRMLAMPL,Manual,30,0.0
1177,CRMLAMPL,Manual,31,646918.02
1178,CRMLAMPL,Manual,32,0.0
1179,CRMLAMPL,Manual,33,0.0
1180,CRMLAMPL,Manual,34,0.0
1181,CRMLAMPL,Manual,35,176418.0
1182,CRMLAMPL,Manual,36,0.0
1183,CRMLAMPL,Manual,37,0.0
1184,CRMLAMPL,Manual,38,0.0
1185,CRMLAMPL,Manual,39,0.0
1186,CRMLAMPL,Manual,40,388119.6000000001
1187,CRMLAMPL,Manual,41,735075.0
1188,CRMLAMPL,Manual,42,176418.0
1189,CRMLAMPL,Manual,43,176418.0
1190,CRMLAMPL,Manual,44,141134.3999999999
1191,CRMLAMPL,Manual,45,0.0
1192,CRMLAMPL,Manual,46,0.0
1193,CRMLAMPL,Manual,47,0.0
1194,CRMLAMPL,Manual,48,0.0
1195,CRMLAMPL,Manual,49,0.0
1196,CRMLAMPL,Manual,50,0.0
1197,CRMLAMPL,Manual,51,0.0
1198,CRMLAMPL,Manual,52,0.0
1199,CRMLAMPL,Manual,53,0.0
1200,CNMVSMEB,Qualquer,29,3412.259999999311
1201,CNMVSMEB,Qualquer,30,2100.2400000002235
1202,CNMVSMEB,Qualquer,31,1917.780000001192
1203,CNMVSMEB,Qualquer,32,0.0
1204,CNMVSMEB,Qualquer,33,0.0
1205,CNMVSMEB,Qualquer,34,0.0
1206,CNMVSMEB,Qualquer,35,1674.3599999998696
1207,CNMVSMEB,Qualquer,36,2914.980000000447
1208,CNMVSMEB,Qualquer,37,701.339999999851
1209,CNMVSMEB,Qualquer,38,500.04000000003725
1210,CNMVSMEB,Qualquer,39,1293.8999999999069
1211,CNMVSMEB,Qualquer,40,699.5999999998603
1212,CNMVSMEB,Qualquer,41,132.35999999986961
1213,CNMVSMEB,Qualquer,42,214.25999999977648
1214,CNMVSMEB,Qualquer,43,0.0
1215,CNMVSMEB,Qualquer,44,0.0
1216,CNMVSMEB,Qualquer,45,0.0
1217,CNMVSMEB,Qualquer,46,214.25999999977648
1218,CNMVSMEB,Qualquer,47,305.40000000037253
1219,CNMVSMEB,Qualquer,48,0.0
1220,CNMVSMEB,Qualquer,49,0.0
1221,CNMVSMEB,Qualquer,50,0.0
1222,CNMVSMEB,Qualquer,51,0.0
1223,CNMVSMEB,Qualquer,52,0.0
1224,CNMVSMEB,Qualquer,53,0.0
1225,CNMEMBMM,Qualquer,29,811.5000000004657
1226,CNMEMBMM,Qualquer,30,646.0800000000745
1227,CNMEMBMM,Qualquer,31,200.64000000013039
1228,CNMEMBMM,Qualquer,32,0.0
1229,CNMEMBMM,Qualquer,33,0.0
1230,CNMEMBMM,Qualquer,34,0.0
1231,CNMEMBMM,Qualquer,35,0.0
1232,CNMEMBMM,Qualquer,36,858.4199999999255
1233,CNMEMBMM,Qualquer,37,0.0
1234,CNMEMBMM,Qualquer,38,92.10000000009313
1235,CNMEMBMM,Qualquer,39,0.0
1236,CNMEMBMM,Qualquer,40,0.0
1237,CNMEMBMM,Qualquer,41,0.0
1238,CNMEMBMM,Qualquer,42,92.10000000009313
1239,CNMEMBMM,Qualquer,43,0.0
1240,CNMEMBMM,Qualquer,44,0.0
1241,CNMEMBMM,Qualquer,45,0.0
1242,CNMEMBMM,Qualquer,46,92.10000000009313
1243,CNMEMBMM,Qualquer,47,0.0
1244,CNMEMBMM,Qualquer,48,0.0
1245,CNMEMBMM,Qualquer,49,0.0
1246,CNMEMBMM,Qualquer,50,0.0
1247,CNMEMBMM,Qualquer,51,0.0
1248,CNMEMBMM,Qualquer,52,0.0
1249,CNMEMBMM,Qualquer,53,0.0
1250,CNMLAMMA,Qualquer,29,7587.840000001714
1251,CNMLAMMA,Qualquer,30,7164.480000000447
1252,CNMLAMMA,Qualquer,31,655109.1600000006
1253,CNMLAMMA,Qualquer,32,0.0
1254,CNMLAMMA,Qualquer,33,0.0
1255,CNMLAMMA,Qualquer,34,0.0
1256,CNMLAMMA,Qualquer,35,185197.92000000086
1257,CNMLAMMA,Qualquer,36,6466.500000001397
1258,CNMLAMMA,Qualquer,37,4891.980000000447
1259,CNMLAMMA,Qualquer,38,699.0600000000559
1260,CNMLAMMA,Qualquer,39,0.0
1261,CNMLAMMA,Qualquer,40,388340.2799999998
1262,CNMLAMMA,Qualquer,41,735557.7599999998
1263,CNMLAMMA,Qualquer,42,176501.16000000015
1264,CNMLAMMA,Qualquer,43,176900.75999999978
1265,CNMLAMMA,Qualquer,44,141134.3999999999
1266,CNMLAMMA,Qualquer,45,482.7599999997765
1267,CNMLAMMA,Qualquer,46,83.16000000014901
1268,CNMLAMMA,Qualquer,47,80.81999999983236
1269,CNMLAMMA,Qualquer,48,0.0
1270,CNMLAMMA,Qualquer,49,0.0
1271,CNMLAMMA,Qualquer,50,0.0
1272,CNMLAMMA,Qualquer,51,0.0
1273,CNMLAMMA,Qualquer,52,0.0
1274,CNMLAMMA,Qualquer,53,0.0
1275,CNMEMBMA,Qualquer,29,6232.499999999534
1276,CNMEMBMA,Qualquer,30,8218.14000000013
1277,CNMEMBMA,Qualquer,31,7041.840000000317
1278,CNMEMBMA,Qualquer,32,0.0
1279,CNMEMBMA,Qualquer,33,0.0
1280,CNMEMBMA,Qualquer,34,0.0
1281,CNMEMBMA,Qualquer,35,7881.180000000168
1282,CNMEMBMA,Qualquer,36,7907.519999999553
1283,CNMEMBMA,Qualquer,37,5123.399999999907
1284,CNMEMBMA,Qualquer,38,684.2399999997579
1285,CNMEMBMA,Qualquer,39,0.0
1286,CNMEMBMA,Qualquer,40,214.9199999999255
1287,CNMEMBMA,Qualquer,41,470.160000000149
1288,CNMEMBMA,Qualquer,42,82.25999999977648
1289,CNMEMBMA,Qualquer,43,470.160000000149
1290,CNMEMBMA,Qualquer,44,0.0
1291,CNMEMBMA,Qualquer,45,470.160000000149
1292,CNMEMBMA,Qualquer,46,82.25999999977648
1293,CNMEMBMA,Qualquer,47,96.54000000003725
1294,CNMEMBMA,Qualquer,48,0.0
1295,CNMEMBMA,Qualquer,49,0.0
1296,CNMEMBMA,Qualquer,50,0.0
1297,CNMEMBMA,Qualquer,51,0.0
1298,CNMEMBMA,Qualquer,52,0.0
1299,CNMEMBMA,Qualquer,53,0.0
1300,CNMREBMN,Qualquer,29,0.0
1301,CNMREBMN,Qualquer,30,0.0
1302,CNMREBMN,Qualquer,31,0.0
1303,CNMREBMN,Qualquer,32,0.0
1304,CNMREBMN,Qualquer,33,0.0
1305,CNMREBMN,Qualquer,34,0.0
1306,CNMREBMN,Qualquer,35,0.0
1307,CNMREBMN,Qualquer,36,0.0
1308,CNMREBMN,Qualquer,37,0.0
1309,CNMREBMN,Qualquer,38,0.0
1310,CNMREBMN,Qualquer,39,0.0
1311,CNMREBMN,Qualquer,40,0.0
1312,CNMREBMN,Qualquer,41,0.0
1313,CNMREBMN,Qualquer,42,0.0
1314,CNMREBMN,Qualquer,43,0.0
1315,CNMREBMN,Qualquer,44,0.0
1316,CNMREBMN,Qualquer,45,0.0
1317,CNMREBMN,Qualquer,46,0.0
1318,CNMREBMN,Qualquer,47,0.0
1319,CNMREBMN,Qualquer,48,0.0
1320,CNMREBMN,Qualquer,49,0.0
1321,CNMREBMN,Qualquer,50,0.0
1322,CNMREBMN,Qualquer,51,0.0
1323,CNMREBMN,Qualquer,52,0.0
1324,CNMREBMN,Qualquer,53,0.0
1325,CNMEMBRL,Qualquer,29,553.0799999996088
1326,CNMEMBRL,Qualquer,30,13.319999999832362
1327,CNMEMBRL,Qualquer,31,616.9199999999255
1328,CNMEMBRL,Qualquer,32,0.0
1329,CNMEMBRL,Qualquer,33,0.0
1330,CNMEMBRL,Qualquer,34,0.0
1331,CNMEMBRL,Qualquer,35,210.0
1332,CNMEMBRL,Qualquer,36,66.95999999996275
1333,CNMEMBRL,Qualquer,37,240.0
1334,CNMEMBRL,Qualquer,38,40.02000000001863
1335,CNMEMBRL,Qualquer,39,150.0
1336,CNMEMBRL,Qualquer,40,0.0
1337,CNMEMBRL,Qualquer,41,0.0
1338,CNMEMBRL,Qualquer,42,0.0
1339,CNMEMBRL,Qualquer,43,0.0
1340,CNMEMBRL,Qualquer,44,0.0
1341,CNMEMBRL,Qualquer,45,0.0
1342,CNMEMBRL,Qualquer,46,148.02000000001863
1343,CNMEMBRL,Qualquer,47,306.90000000037253
1344,CNMEMBRL,Qualquer,48,0.0
1345,CNMEMBRL,Qualquer,49,0.0
1346,CNMEMBRL,Qualquer,50,0.0
1347,CNMEMBRL,Qualquer,51,0.0
1348,CNMEMBRL,Qualquer,52,0.0
1349,CNMEMBRL,Qualquer,53,0.0
1350,CRMEMBPL,Qualquer,29,2537.399999999907
1351,CRMEMBPL,Qualquer,30,2349.2400000002235
1352,CRMEMBPL,Qualquer,31,1264.1399999987334
1353,CRMEMBPL,Qualquer,32,0.0
1354,CRMEMBPL,Qualquer,33,858.4200000000001
1355,CRMEMBPL,Qualquer,34,858.4200000000001
1356,CRMEMBPL,Qualquer,35,2036.5800000005402
1357,CRMEMBPL,Qualquer,36,426.59999999962747
1358,CRMEMBPL,Qualquer,37,1243.9799999999814
1359,CRMEMBPL,Qualquer,38,151.31999999983236
1360,CRMEMBPL,Qualquer,39,1278.7800000002608
1361,CRMEMBPL,Qualquer,40,0.0
1362,CRMEMBPL,Qualquer,41,938.3999999999069
1363,CRMEMBPL,Qualquer,42,206.87999999988824
1364,CRMEMBPL,Qualquer,43,84.0
1365,CRMEMBPL,Qualquer,44,0.0
1366,CRMEMBPL,Qualquer,45,0.0
1367,CRMEMBPL,Qualquer,46,277.5600000000559
1368,CRMEMBPL,Qualquer,47,85.32000000029802
1369,CRMEMBPL,Qualquer,48,0.0
1370,CRMEMBPL,Qualquer,49,0.0
1371,CRMEMBPL,Qualquer,50,269.0399999995716
1372,CRMEMBPL,Qualquer,51,0.0
1373,CRMEMBPL,Qualquer,52,1978.2000000001863
1374,CRMEMBPL,Qualquer,53,0.0
1375,CNMLAMRL,Qualquer,29,16942.44
1376,CNMLAMRL,Qualquer,30,17404.620000000003
1377,CNMLAMRL,Qualquer,31,25472.579999999998
1378,CNMLAMRL,Qualquer,32,0.0
1379,CNMLAMRL,Qualquer,33,4800.0
1380,CNMLAMRL,Qualquer,34,0.0
1381,CNMLAMRL,Qualquer,35,12793.56
1382,CNMLAMRL,Qualquer,36,6076.139999999999
1383,CNMLAMRL,Qualquer,37,3471.300000000001
1384,CNMLAMRL,Qualquer,38,7768.199999999999
1385,CNMLAMRL,Qualquer,39,5636.220000000001
1386,CNMLAMRL,Qualquer,40,5146.32
1387,CNMLAMRL,Qualquer,41,5402.52
1388,CNMLAMRL,Qualquer,42,5492.9400000000005
1389,CNMLAMRL,Qualquer,43,4710.9000000000015
1390,CNMLAMRL,Qualquer,44,797.7600000000002
1391,CNMLAMRL,Qualquer,45,0.0
1392,CNMLAMRL,Qualquer,46,185.88000000000102
1393,CNMLAMRL,Qualquer,47,812.5800000000017
1394,CNMLAMRL,Qualquer,48,0.0
1395,CNMLAMRL,Qualquer,49,0.0
1396,CNMLAMRL,Qualquer,50,0.0
1397,CNMLAMRL,Qualquer,51,0.0
1398,CNMLAMRL,Qualquer,52,0.0
1399,CNMLAMRL,Qualquer,53,0.0
1400,CNMVSMRL,Qualquer,29,3375.0000000000005
1401,CNMVSMRL,Qualquer,30,1364.1
1402,CNMVSMRL,Qualquer,31,2797.4399999999996
1403,CNMVSMRL,Qualquer,32,0.0
1404,CNMVSMRL,Qualquer,33,0.0
1405,CNMVSMRL,Qualquer,34,0.0
1406,CNMVSMRL,Qualquer,35,1929.7199999999998
1407,CNMVSMRL,Qualquer,36,2957.3999999999996
1408,CNMVSMRL,Qualquer,37,691.9200000000001
1409,CNMVSMRL,Qualquer,38,534.06
1410,CNMVSMRL,Qualquer,39,1293.9
1411,CNMVSMRL,Qualquer,40,1230.2399999999998
1412,CNMVSMRL,Qualquer,41,1137.3600000000001
1413,CNMVSMRL,Qualquer,42,455.46000000000004
1414,CNMVSMRL,Qualquer,43,241.19999999999982
1415,CNMVSMRL,Qualquer,44,192.96000000000004
1416,CNMVSMRL,Qualquer,45,0.0
1417,CNMVSMRL,Qualquer,46,214.26000000000022
1418,CNMVSMRL,Qualquer,47,305.39999999999964
1419,CNMVSMRL,Qualquer,48,0.0
1420,CNMVSMRL,Qualquer,49,0.0
1421,CNMVSMRL,Qualquer,50,0.0
1422,CNMVSMRL,Qualquer,51,0.0
1423,CNMVSMRL,Qualquer,52,0.0
1424,CNMVSMRL,Qualquer,53,0.0
1425,CNMLAMMM,Qualquer,29,1037.58
1426,CNMLAMMM,Qualquer,30,1431.000000000001
1427,CNMLAMMM,Qualquer,31,1782.4199999999992
1428,CNMLAMMM,Qualquer,32,0.0
1429,CNMLAMMM,Qualquer,33,0.0
1430,CNMLAMMM,Qualquer,34,0.0
1431,CNMLAMMM,Qualquer,35,810.0
1432,CNMLAMMM,Qualquer,36,1538.9399999999996
1433,CNMLAMMM,Qualquer,37,432.0
1434,CNMLAMMM,Qualquer,38,587.9399999999996
1435,CNMLAMMM,Qualquer,39,319.97999999999956
1436,CNMLAMMM,Qualquer,40,831.5999999999999
1437,CNMLAMMM,Qualquer,41,1575.0
1438,CNMLAMMM,Qualquer,42,533.9399999999996
1439,CNMLAMMM,Qualquer,43,378.0
1440,CNMLAMMM,Qualquer,44,302.39999999999964
1441,CNMLAMMM,Qualquer,45,0.0
1442,CNMLAMMM,Qualquer,46,155.9399999999996
1443,CNMLAMMM,Qualquer,47,0.0
1444,CNMLAMMM,Qualquer,48,0.0
1445,CNMLAMMM,Qualquer,49,0.0
1446,CNMLAMMM,Qualquer,50,0.0
1447,CNMLAMMM,Qualquer,51,0.0
1448,CNMLAMMM,Qualquer,52,0.0
1449,CNMLAMMM,Qualquer,53,0.0
1450,CNMREBMM,Qualquer,29,2712.2400000000007
1451,CNMREBMM,Qualquer,30,2401.0199999999995
1452,CNMREBMM,Qualquer,31,705.4200000000001
1453,CNMREBMM,Qualquer,32,0.0
1454,CNMREBMM,Qualquer,33,0.0
1455,CNMREBMM,Qualquer,34,0.0
1456,CNMREBMM,Qualquer,35,0.0
1457,CNMREBMM,Qualquer,36,2851.8000000000006
1458,CNMREBMM,Qualquer,37,0.0
1459,CNMREBMM,Qualquer,38,303.0600000000004
1460,CNMREBMM,Qualquer,39,0.0
1461,CNMREBMM,Qualquer,40,0.0
1462,CNMREBMM,Qualquer,41,0.0
1463,CNMREBMM,Qualquer,42,303.0600000000004
1464,CNMREBMM,Qualquer,43,0.0
1465,CNMREBMM,Qualquer,44,0.0
1466,CNMREBMM,Qualquer,45,0.0
1467,CNMREBMM,Qualquer,46,303.0600000000004
1468,CNMREBMM,Qualquer,47,0.0
1469,CNMREBMM,Qualquer,48,0.0
1470,CNMREBMM,Qualquer,49,0.0
1471,CNMREBMM,Qualquer,50,0.0
1472,CNMREBMM,Qualquer,51,0.0
1473,CNMREBMM,Qualquer,52,0.0
1474,CNMREBMM,Qualquer,53,0.0
1475,CNMEMBPL,Qualquer,29,7417.679999999993
1476,CNMEMBPL,Qualquer,30,10112.940000000002
1477,CNMEMBPL,Qualquer,31,7427.939999999944
1478,CNMEMBPL,Qualquer,32,0.0
1479,CNMEMBPL,Qualquer,33,0.0
1480,CNMEMBPL,Qualquer,34,0.0
1481,CNMEMBPL,Qualquer,35,6786.839999999967
1482,CNMEMBPL,Qualquer,36,7766.700000000012
1483,CNMEMBPL,Qualquer,37,7764.899999999994
1484,CNMEMBPL,Qualquer,38,9379.799999999988
1485,CNMEMBPL,Qualquer,39,5639.400000000023
1486,CNMEMBPL,Qualquer,40,5767.619999999995
1487,CNMEMBPL,Qualquer,41,1744.0199999999895
1488,CNMEMBPL,Qualquer,42,1722.0
1489,CNMEMBPL,Qualquer,43,1578.7799999999988
1490,CNMEMBPL,Qualquer,44,1025.3999999999942
1491,CNMEMBPL,Qualquer,45,0.0
1492,CNMEMBPL,Qualquer,46,966.0
1493,CNMEMBPL,Qualquer,47,127.13999999998487
1494,CNMEMBPL,Qualquer,48,0.0
1495,CNMEMBPL,Qualquer,49,1626.0
1496,CNMEMBPL,Qualquer,50,660.0
1497,CNMEMBPL,Qualquer,51,0.0
1498,CNMEMBPL,Qualquer,52,0.0
1499,CNMEMBPL,Qualquer,53,0.0
1500,CNMEMBIN,Qualquer,29,271.1999999999998
1501,CNMEMBIN,Qualquer,30,3.0
1502,CNMEMBIN,Qualquer,31,1767.4200000000005
1503,CNMEMBIN,Qualquer,32,0.0
1504,CNMEMBIN,Qualquer,33,0.0
1505,CNMEMBIN,Qualquer,34,0.0
1506,CNMEMBIN,Qualquer,35,340.1999999999998
1507,CNMEMBIN,Qualquer,36,97.19999999999982
1508,CNMEMBIN,Qualquer,37,0.0
1509,CNMEMBIN,Qualquer,38,0.0
1510,CNMEMBIN,Qualquer,39,520.0200000000004
1511,CNMEMBIN,Qualquer,40,748.44
1512,CNMEMBIN,Qualquer,41,1417.5
1513,CNMEMBIN,Qualquer,42,340.1999999999998
1514,CNMEMBIN,Qualquer,43,956.2200000000003
1515,CNMEMBIN,Qualquer,44,272.15999999999985
1516,CNMEMBIN,Qualquer,45,0.0
1517,CNMEMBIN,Qualquer,46,0.0
1518,CNMEMBIN,Qualquer,47,96.0
1519,CNMEMBIN,Qualquer,48,520.02
1520,CNMEMBIN,Qualquer,49,0.0
1521,CNMEMBIN,Qualquer,50,0.0
1522,CNMEMBIN,Qualquer,51,0.0
1523,CNMEMBIN,Qualquer,52,0.0
1524,CNMEMBIN,Qualquer,53,0.0
1525,CNMAGBL1,Qualquer,29,12946.200000000652
1526,CNMAGBL1,Qualquer,30,23681.519999999553
1527,CNMAGBL1,Qualquer,31,14978.339999999851
1528,CNMAGBL1,Qualquer,32,0.0
1529,CNMAGBL1,Qualquer,33,0.0
1530,CNMAGBL1,Qualquer,34,0.0
1531,CNMAGBL1,Qualquer,35,13881.420000000857
1532,CNMAGBL1,Qualquer,36,23187.239999998827
1533,CNMAGBL1,Qualquer,37,18315.35999999987
1534,CNMAGBL1,Qualquer,38,17840.339999999385
1535,CNMAGBL1,Qualquer,39,15625.14000000013
1536,CNMAGBL1,Qualquer,40,15219.479999999516
1537,CNMAGBL1,Qualquer,41,6565.61999999918
1538,CNMAGBL1,Qualquer,42,6625.979999999981
1539,CNMAGBL1,Qualquer,43,5318.039999999106
1540,CNMAGBL1,Qualquer,44,2669.2800000002608
1541,CNMAGBL1,Qualquer,45,2576.519999999553
1542,CNMAGBL1,Qualquer,46,6413.579999999609
1543,CNMAGBL1,Qualquer,47,4709.33999999892
1544,CNMAGBL1,Qualquer,48,2576.519999999553
1545,CNMAGBL1,Qualquer,49,6404.7599999997765
1546,CNMAGBL1,Qualquer,50,1314.5999999996275
1547,CNMAGBL1,Qualquer,51,0.0
1548,CNMAGBL1,Qualquer,52,0.0
1549,CNMAGBL1,Qualquer,53,0.0
1550,CNMAGBL2,Qualquer,29,5760.300000000279
1551,CNMAGBL2,Qualquer,30,4027.679999998305
1552,CNMAGBL2,Qualquer,31,5546.700000000186
1553,CNMAGBL2,Qualquer,32,0.0
1554,CNMAGBL2,Qualquer,33,0.0
1555,CNMAGBL2,Qualquer,34,2594.7599999999998
1556,CNMAGBL2,Qualquer,35,12835.61999999918
1557,CNMAGBL2,Qualquer,36,5783.819999999832
1558,CNMAGBL2,Qualquer,37,1269.7799999993294
1559,CNMAGBL2,Qualquer,38,6752.279999999795
1560,CNMAGBL2,Qualquer,39,8359.979999999516
1561,CNMAGBL2,Qualquer,40,4821.480000000447
1562,CNMAGBL2,Qualquer,41,319.98000000044703
1563,CNMAGBL2,Qualquer,42,3068.9400000008754
1564,CNMAGBL2,Qualquer,43,4319.7599999997765
1565,CNMAGBL2,Qualquer,44,2690.220000000205
1566,CNMAGBL2,Qualquer,45,0.0
1567,CNMAGBL2,Qualquer,46,20.40000000037253
1568,CNMAGBL2,Qualquer,47,1074.839999999851
1569,CNMAGBL2,Qualquer,48,1612.2000000001863
1570,CNMAGBL2,Qualquer,49,1314.9599999999627
1571,CNMAGBL2,Qualquer,50,1314.9599999999627
1572,CNMAGBL2,Qualquer,51,2525.7599999997765
1573,CNMAGBL2,Qualquer,52,2525.7599999997765
1574,CNMAGBL2,Qualquer,53,0.0
1575,CNMAGBL3,Qualquer,29,348.2400000002235
1576,CNMAGBL3,Qualquer,30,4040.699999999255
1577,CNMAGBL3,Qualquer,31,7208.4000000003725
1578,CNMAGBL3,Qualquer,32,0.0
1579,CNMAGBL3,Qualquer,33,0.0
1580,CNMAGBL3,Qualquer,34,1610.64
1581,CNMAGBL3,Qualquer,35,1104.3600000003353
1582,CNMAGBL3,Qualquer,36,2571.7800000002608
1583,CNMAGBL3,Qualquer,37,2391.3600000003353
1584,CNMAGBL3,Qualquer,38,3596.3400000007823
1585,CNMAGBL3,Qualquer,39,3232.3799999994226
1586,CNMAGBL3,Qualquer,40,0.0
1587,CNMAGBL3,Qualquer,41,645.1200000001118
1588,CNMAGBL3,Qualquer,42,24.360000000335276
1589,CNMAGBL3,Qualquer,43,2794.44000000041
1590,CNMAGBL3,Qualquer,44,0.0
1591,CNMAGBL3,Qualquer,45,0.0
1592,CNMAGBL3,Qualquer,46,5442.600000000559
1593,CNMAGBL3,Qualquer,47,0.0
1594,CNMAGBL3,Qualquer,48,1397.2800000002608
1595,CNMAGBL3,Qualquer,49,0.0
1596,CNMAGBL3,Qualquer,50,0.0
1597,CNMAGBL3,Qualquer,51,654.1200000001118
1598,CNMAGBL3,Qualquer,52,0.0
1599,CNMAGBL3,Qualquer,53,0.0
1600,CNMAGLCI,Qualquer,29,4561.499999999998
1601,CNMAGLCI,Qualquer,30,9533.759999999997
1602,CNMAGLCI,Qualquer,31,15981.66
1603,CNMAGLCI,Qualquer,32,708.6
1604,CNMAGLCI,Qualquer,33,925.5600000000002
1605,CNMAGLCI,Qualquer,34,0.0
1606,CNMAGLCI,Qualquer,35,10161.78
1607,CNMAGLCI,Qualquer,36,8503.200000000003
1608,CNMAGLCI,Qualquer,37,3953.5799999999986
1609,CNMAGLCI,Qualquer,38,3376.5599999999986
1610,CNMAGLCI,Qualquer,39,2682.719999999999
1611,CNMAGLCI,Qualquer,40,2510.2200000000003
1612,CNMAGLCI,Qualquer,41,1220.1599999999999
1613,CNMAGLCI,Qualquer,42,1674.9599999999991
1614,CNMAGLCI,Qualquer,43,1793.159999999999
1615,CNMAGLCI,Qualquer,44,0.0
1616,CNMAGLCI,Qualquer,45,510.47999999999956
1617,CNMAGLCI,Qualquer,46,328.91999999999916
1618,CNMAGLCI,Qualquer,47,359.6399999999994
1619,CNMAGLCI,Qualquer,48,0.0
1620,CNMAGLCI,Qualquer,49,0.0
1621,CNMAGLCI,Qualquer,50,0.0
1622,CNMAGLCI,Qualquer,51,0.0
1623,CNMAGLCI,Qualquer,52,0.0
1624,CNMAGLCI,Qualquer,53,0.0
1625,CCSMOLDA,Qualquer,29,0.0
1626,CCSMOLDA,Qualquer,30,0.0
1627,CCSMOLDA,Qualquer,31,0.0
1628,CCSMOLDA,Qualquer,32,0.0
1629,CCSMOLDA,Qualquer,33,0.0
1630,CCSMOLDA,Qualquer,34,0.0
1631,CCSMOLDA,Qualquer,35,0.0
1632,CCSMOLDA,Qualquer,36,0.0
1633,CCSMOLDA,Qualquer,37,0.0
1634,CCSMOLDA,Qualquer,38,0.0
1635,CCSMOLDA,Qualquer,39,0.0
1636,CCSMOLDA,Qualquer,40,0.0
1637,CCSMOLDA,Qualquer,41,0.0
1638,CCSMOLDA,Qualquer,42,0.0
1639,CCSMOLDA,Qualquer,43,0.0
1640,CCSMOLDA,Qualquer,44,0.0
1641,CCSMOLDA,Qualquer,45,0.0
1642,CCSMOLDA,Qualquer,46,0.0
1643,CCSMOLDA,Qualquer,47,0.0
1644,CCSMOLDA,Qualquer,48,0.0
1645,CCSMOLDA,Qualquer,49,0.0
1646,CCSMOLDA,Qualquer,50,0.0
1647,CCSMOLDA,Qualquer,51,0.0
1648,CCSMOLDA,Qualquer,52,0.0
1649,CCSMOLDA,Qualquer,53,0.0
1650,CCSEBMME,Qualquer,29,0.0
1651,CCSEBMME,Qualquer,30,330.0
1652,CCSEBMME,Qualquer,31,18.300000000279397
1653,CCSEBMME,Qualquer,32,0.0
1654,CCSEBMME,Qualquer,33,0.0
1655,CCSEBMME,Qualquer,34,0.0
1656,CCSEBMME,Qualquer,35,0.0
1657,CCSEBMME,Qualquer,36,0.0
1658,CCSEBMME,Qualquer,37,0.0
1659,CCSEBMME,Qualquer,38,0.0
1660,CCSEBMME,Qualquer,39,0.0
1661,CCSEBMME,Qualquer,40,0.0
1662,CCSEBMME,Qualquer,41,0.0
1663,CCSEBMME,Qualquer,42,0.0
1664,CCSEBMME,Qualquer,43,0.0
1665,CCSEBMME,Qualquer,44,0.0
1666,CCSEBMME,Qualquer,45,0.0
1667,CCSEBMME,Qualquer,46,0.0
1668,CCSEBMME,Qualquer,47,0.0
1669,CCSEBMME,Qualquer,48,0.0
1670,CCSEBMME,Qualquer,49,0.0
1671,CCSEBMME,Qualquer,50,0.0
1672,CCSEBMME,Qualquer,51,0.0
1673,CCSEBMME,Qualquer,52,0.0
1674,CCSEBMME,Qualquer,53,0.0
1675,CRMSER05,Qualquer,29,952.4399999999999
1676,CRMSER05,Qualquer,30,1924.1399999999999
1677,CRMSER05,Qualquer,31,941.22
1678,CRMSER05,Qualquer,32,0.0
1679,CRMSER05,Qualquer,33,0.0
1680,CRMSER05,Qualquer,34,381.54
1681,CRMSER05,Qualquer,35,2062.3199999999997
1682,CRMSER05,Qualquer,36,2424.9
1683,CRMSER05,Qualquer,37,2196.1800000000003
1684,CRMSER05,Qualquer,38,3342.3
1685,CRMSER05,Qualquer,39,2378.76
1686,CRMSER05,Qualquer,40,840.1800000000001
1687,CRMSER05,Qualquer,41,332.3399999999999
1688,CRMSER05,Qualquer,42,1252.32
1689,CRMSER05,Qualquer,43,206.8800000000001
1690,CRMSER05,Qualquer,44,137.51999999999998
1691,CRMSER05,Qualquer,45,0.0
1692,CRMSER05,Qualquer,46,166.68000000000006
1693,CRMSER05,Qualquer,47,0.0
1694,CRMSER05,Qualquer,48,0.0
1695,CRMSER05,Qualquer,49,0.0
1696,CRMSER05,Qualquer,50,0.0
1697,CRMSER05,Qualquer,51,0.0
1698,CRMSER05,Qualquer,52,1622.94
1699,CRMSER05,Qualquer,53,0.0
1700,CRMSER02,Qualquer,29,0.0
1701,CRMSER02,Qualquer,30,0.0
1702,CRMSER02,Qualquer,31,0.0
1703,CRMSER02,Qualquer,32,0.0
1704,CRMSER02,Qualquer,33,0.0
1705,CRMSER02,Qualquer,34,0.0
1706,CRMSER02,Qualquer,35,0.0
1707,CRMSER02,Qualquer,36,20689.62
1708,CRMSER02,Qualquer,37,0.0
1709,CRMSER02,Qualquer,38,0.0
1710,CRMSER02,Qualquer,39,0.0
1711,CRMSER02,Qualquer,40,0.0
1712,CRMSER02,Qualquer,41,0.0
1713,CRMSER02,Qualquer,42,0.0
1714,CRMSER02,Qualquer,43,0.0
1715,CRMSER02,Qualquer,44,0.0
1716,CRMSER02,Qualquer,45,0.0
1717,CRMSER02,Qualquer,46,0.0
1718,CRMSER02,Qualquer,47,0.0
1719,CRMSER02,Qualquer,48,0.0
1720,CRMSER02,Qualquer,49,0.0
1721,CRMSER02,Qualquer,50,0.0
1722,CRMSER02,Qualquer,51,0.0
1723,CRMSER02,Qualquer,52,41379.299999999996
1724,CRMSER02,Qualquer,53,0.0
